"Title","URL"
"Home","https://marketbookshelf.com/"
"Search","https://marketbookshelf.com/publications-search/"
"Submit","https://marketbookshelf.com/submit/"
"About","https://marketbookshelf.com/about/"
"Topics","https://marketbookshelf.com/topics/"
"Applying a Total Market Lens: Increased IUD Service Delivery Through Complementary Public- and Private- Sector Interventions in 4 Countries","https://marketbookshelf.com/publications/applying-a-total-market-lens-increased-iud-service-delivery-through-complementary-public-and-private-sector-interventions-in-4-countries/"
"MEASURE Evaluation Resources to Increase Access to Family Planning Through a Total Market Approach","https://marketbookshelf.com/publications/new-measure-evaluation-resources-to-increase-access-to-family-planning-through-a-total-market-approach/"
"Planning Guide for a Total Market Approach to Increase Access to Family Planning","https://marketbookshelf.com/publications/planning-guide-for-a-total-market-approach-to-increase-access-to-family-planning/"
"Planning Guide for a Total Market Approach to Increase Access to Family Planning – Module 2: In-depth Analyses of the Family Planning Market","https://marketbookshelf.com/publications/planning-guide-for-a-total-market-approach-to-increase-access-to-family-planning-module-2-in-depth-analyses-of-the-family-planning-market/"
"Total Market Initiatives for Reproductive Health","https://marketbookshelf.com/publications/total-market-initiatives-for-reproductive-health/"
"Handbook for Research on the Family Planning Market Volume 1: Using Data to Inform a Total Market Approach to Family Planning","https://marketbookshelf.com/publications/handbook-for-research-on-the-family-planning-market-volume-1-using-data-to-inform-a-total-market-approach-to-family-planning/"
"Handbook for Research on the Family Planning Market Volume 2: Tool and Resources for an In-depth Analysis of the Family Planning Market","https://marketbookshelf.com/publications/handbook-for-research-on-the-family-planning-market-volume-2-tool-and-resources-for-an-in-depth-analysis-of-the-family-planning-market/"
"Total Market Approach Stewardship Capacity Assessment Report","https://marketbookshelf.com/publications/total-market-approach-stewardship-capacity-assessment-report/"
"Market Development Approaches Working Group: Market Segmentation Primer","https://marketbookshelf.com/publications/market-development-approaches-working-group-market-segmentation-primer/"
"Condom social marketing in sub-Saharan Africa and the Total Market Approach","https://marketbookshelf.com/publications/condom-social-marketing-in-sub-saharan-africa-and-the-total-market-approach/"
"Cookies & Privacy","https://marketbookshelf.com/cookies-privacy/"
"HIP Social Marketing:  Leveraging the Private Sector to Increase Contraceptive Access, Choice and Use","https://marketbookshelf.com/publications/hip-social-marketing-leveraging-private-sector-increase-contraceptive-access-choice-use/"
"Social Marketing Models for Product-Based Reproductive Health Programs","https://marketbookshelf.com/publications/social-marketing-models-product-based-reproductive-health-programs/"
"A total market approach for condoms in Myanmar: the need for the private, public and socially marketed sectors to work together for a sustainable condom market for HIV prevention","https://marketbookshelf.com/publications/total-market-approach-condoms-myanmar-need-private-public-socially-marketed-sectors-work-together-sustainable-condom-market-hiv-prevention/"
"Using Total Market Approaches in Condom Programs","https://marketbookshelf.com/publications/using-total-market-approaches-condom-programs/"
"Developing Total Market Strategies for Family Planning in Nicaragua: Enhancing public-private coordination for equity and sustainability","https://marketbookshelf.com/publications/developing-total-market-strategies-family-planning-nicaragua/"
"Search results","https://marketbookshelf.com/search-results/"
"Market Development Approaches Scoping Report","https://marketbookshelf.com/publications/market-development-approaches-scoping-report/"
"Policy Advocacy for Total Market Approaches for Family Planning","https://marketbookshelf.com/publications/policy-advocacy-total-market-approaches-family-planning/"
"Stakeholder perceptions of a total market approach to family planning in Nicaragua","https://marketbookshelf.com/publications/stakeholder-perceptions-total-market-approach-family-planning-nicaragua/"
"Bangladesh Contraceptive Market Segmentation Analysis","https://marketbookshelf.com/publications/bangladesh-contraceptive-market-segmentation-analysis/"
"Developing a Total Market Plan for Family Planning in Vietnam: An innovative public and private collaboration to enhance equity and sustainability","https://marketbookshelf.com/publications/developing-total-market-plan-family-planning-vietnam/"
"Uganda: A Total Market Approach for Male Condoms","https://marketbookshelf.com/publications/uganda-total-market-approach-male-condoms/"
"Botswana: A Total Market Approach for Male Condoms","https://marketbookshelf.com/publications/botswana-total-market-approach-male-condoms/"
"Swaziland: A Total Market Approach for Male Condoms","https://marketbookshelf.com/publications/swaziland-total-market-approach-male-condoms/"
"Mali: A Total Market Approach for Male Condoms","https://marketbookshelf.com/publications/mali-total-market-approach-male-condoms/"
"Lesotho: A Total Market Approach for Male Condoms","https://marketbookshelf.com/publications/lesotho-total-market-approach-male-condoms/"
"South Africa: A Total Market Approach for Male Condoms","https://marketbookshelf.com/publications/south-africa-total-market-approach-male-condoms/"
"Contracting Reproductive Health Services in Rural Tanzania","https://marketbookshelf.com/publications/contracting-reproductive-health-services-rural-tanzania/"
"The Total Market Approach: Steps to Successful Implementation with Country Cases","https://marketbookshelf.com/publications/total-market-approach-steps-successful-implementation-country-cases/"
"Total Market Initiatives: A Systemic Approach","https://marketbookshelf.com/publications/total-market-initiatives-systemic-approach/"
"Maximizing Private Sector Contribution to Family Planning in the Europe & Eurasia Region: Context Analysis and Review of Strategies","https://marketbookshelf.com/publications/maximizing-private-sector-contribution-family-planning-europe-eurasia-region-context-analysis-review-strategies/"
"Social Marketing: Leveraging the private sector to improve contraceptive access, choice, and use","https://marketbookshelf.com/publications/social-marketing-leveraging-private-sector-improve-contraceptive-access-choice-use/"
"Social Marketing Models for Product-Based Reproductive Health Programs: A Comparative Analysis","https://marketbookshelf.com/publications/social-marketing-models-product-based-reproductive-health-programs-comparative-analysis/"
"Sayana Press Introduction: Social Marketing Considerations","https://marketbookshelf.com/publications/sayana-press-introduction-social-marketing-considerations/"
"Using Market Segmentation to Understand the Total Market in Paraguay","https://marketbookshelf.com/publications/using-market-segmentation-understand-total-market-paraguay/"
"Jordan Family Planning Users’ Profiles and Market Segmentation Analysis: A review of the literature and available data","https://marketbookshelf.com/publications/jordan-family-planning-users-profiles-market-segmentation-analysis-review-literature-available-data/"
"Work Plan for Contraceptive Total Market in Vietnam","https://marketbookshelf.com/publications/work-plan-contraceptive-total-market-vietnam/"
"Nicaragua Family Planning Market Segmentation Analysis","https://marketbookshelf.com/publications/nicaragua-family-planning-market-segmentation-analysis/"
"Enhancing Equity and Sustainability of Public-Sector Family Planning Through Total Market Approaches","https://marketbookshelf.com/publications/enhancing-equity-sustainability-public-sector-family-planning/"
"Total Market Initiatives for Family Planning","https://marketbookshelf.com/publications/total-market-initiatives-family-planning/"
"Road-Mapping a Total Market Approach: Eastern Europe and Central Asia Workshops April 2013","https://marketbookshelf.com/publications/road-mapping-total-market-approach-eastern-europe-central-asia-workshops-april-2013/"
"Stronger Markets, Essential Access to Maternal Health Supplies: Global Advocacy Recommendations","https://marketbookshelf.com/publications/stronger-markets-essential-access-maternal-health-supplies-global-advocacy-recommendations/"
"Family Planning Market Report &#8211; May 2015","https://marketbookshelf.com/publications/family-planning-market-report-2015/"
"Family Planning Market Report &#8211; August 2016","https://marketbookshelf.com/publications/family-planning-market-report-2016/"
"Summary of August 2015 CSP Contraceptive Implant Demand Forecast","https://marketbookshelf.com/publications/summary-august-2015-csp-contraceptive-implant-demand-forecast/"
"Summary of August 2016 CSP Contraceptive Implant Demand Forecast","https://marketbookshelf.com/publications/summary-august-2016-csp-contraceptive-implant-demand-forecast/"
"Shaping the Market","https://marketbookshelf.com/publications/shaping-the-market/"
"Assessment of India&#8217;s Locally Manufactured Contraceptive Product Supply","https://marketbookshelf.com/publications/assessment-indias-locally-manufactured-contraceptive-product-supply/"
"RH COMMODITY SECURITY: ADEQUACY OF THE INTERNATIONAL ARCHITECTURE FOR FINANCE AND SUPPLY","https://marketbookshelf.com/publications/rh-commodity-security-adequacy-international-architecture-finance-supply/"
"Global Contraceptive Commodity Gap Analysis Summary","https://marketbookshelf.com/publications/global-contraceptive-commodity-gap-analysis-summary/"
"Ensuring Local Access to Contraceptive Supplies Through Public-Private Partnership Under a Total Market Approach","https://marketbookshelf.com/publications/ensuring-local-access-contraceptive-supplies-public-private-partnership-total-market-approach/"
"Effect of the Affordable Medicines Facility-malaria on the availability, price, and market share of quality-assured artemisinin-based combination therapies in seven countries: a before-and-after analysis of outlet survey data","https://marketbookshelf.com/publications/effect-affordable-medicines-facility-malaria-availability-price-market-share-quality-assured-artemisinin-based-combination-therapies-seven-countries-analy/"
"Evidence of successful malaria case management policy implementation in Cambodia: results from national ACTwatch outlet surveys","https://marketbookshelf.com/publications/350/"
"Got ACTs? Availability, price, market share and provider knowledge of anti-malarial medicines in public and private sector outlets in six malaria-endemic countries","https://marketbookshelf.com/publications/got-acts-availability-price-market-share-provider-knowledge-anti-malarial-medicines-public-private-sector-outlets-six-malaria-endemic-countries/"
"ACTwatch Nigeria 2015 Outlet Survey Results","https://marketbookshelf.com/publications/actwatch-nigeria-2015-outlet-survey-results/"
"Nigeria: 2015 FPwatch Outlet Survey","https://marketbookshelf.com/publications/nigeria-2015-fpwatch-outlet-survey/"
"DRC: Katanga FPwatch Overview","https://marketbookshelf.com/publications/drc-katanga-fpwatch-overview/"
"Myanmar 2015 ACTwatch Outlet Survey Results","https://marketbookshelf.com/publications/myanmar-2015-actwatch-outlet-survey-results/"
"Antimalarial market complexity and diversity across 8 sub-Saharan African countries one decade after the introduction of artemisinin combination therapy","https://marketbookshelf.com/publications/antimalarial-market-complexity-diversity-across-8-sub-saharan-african-countries-one-decade-introduction-artemisinin-combination-therapy/"
"Prices and mark-ups on antimalarials: evidence from nationally representative studies in six malaria-endemic countries","https://marketbookshelf.com/publications/prices-mark-ups-antimalarials-evidence-nationally-representative-studies-six-malaria-endemic-countries/"
"Malaria, medicines, and miles: Investigating household access to malaria treatment","https://marketbookshelf.com/publications/malaria-medicines-miles-investigating-household-access-malaria-treatment/"
"Increasing Access to Essential Maternal Health Supplies: A scoping of market-based activities, gaps and opportunities","https://marketbookshelf.com/publications/increasing-access-essential-maternal-health-supplies-scoping-market-based-activities-gaps-opportunities/"
"Stronger Markets, Increased Access to Essential Maternal Health Supplies: Advocacy Recommendations for Bangladesh","https://marketbookshelf.com/publications/stronger-markets-increased-access-essential-maternal-health-supplies-advocacy-recommendations-bangladesh/"
"Stronger Markets, Increased Access to Essential Maternal Health Supplies:  Advocacy Recommendations for Nigeria","https://marketbookshelf.com/publications/stronger-markets-increased-access-essential-maternal-health-supplies-advocacy-recommendations-nigeria/"
"Introduction of a New LNG-IUS: Summary of a Market Assessment (Kenya)","https://marketbookshelf.com/publications/introduction-new-lng-ius-summary-market-assessment-kenya/"
"Applying a Total Market Approach to DMPA-SC","https://marketbookshelf.com/publications/applying-total-market-approach-dmpa-sc/"
"Expanding Access to HIV Self-Testing: A Market Development Approach","https://marketbookshelf.com/publications/expanding-access-hiv-self-testing-market-development-approach/"
"Landscape for HIV rapid diagnostic tests for HIV self-testing","https://marketbookshelf.com/publications/landscape-hiv-rapid-diagnostic-tests-hiv-self-testing/"
"Contraceptive Security Ready Lessons II: Fostering Public-Private Collaboration for Improved Access","https://marketbookshelf.com/publications/contraceptive-security-ready-lessons-ii-fostering-public-private-collaboration-improved-access/"
"Revisiting a Total Market Approach to Contraceptive Security in Honduras","https://marketbookshelf.com/publications/revisiting-total-market-approach-contraceptive-security-honduras/"
"Implementing Total Market Approaches: Family Planning and Beyond","https://marketbookshelf.com/publications/implementing-total-market-approaches-family-planning-beyond/"
"HIV Preventives Technology and Market Landscape &#8211; 2nd Edition","https://marketbookshelf.com/publications/hiv-preventives-technology-market-landscape-2nd-edition/"
"HIV Medicines Technology and Market Landscape &#8211; 1st Edition","https://marketbookshelf.com/publications/hiv-medicines-technology-market-landscape-1st-edition/"
"The ACTWATCH project: methods to describe anti-malarial markets in seven countries","https://marketbookshelf.com/publications/actwatch-project-methods-describe-anti-malarial-markets-seven-countries/"
"Trends in Antimalarial Drug Use in Africa","https://marketbookshelf.com/publications/trends-antimalarial-drug-use-africa/"
"Antimalarial Market Intelligence in Laos PDR: ACTwatch Findings 2015","https://marketbookshelf.com/publications/antimalarial-market-intelligence-laos-pdr-actwatch-findings-2015/"
"Hepatitis C Medicines Technology and Market Landscape &#8211; Update","https://marketbookshelf.com/publications/hepatitis-c-medicines-technology-market-landscape-update/"
"Tuberculosis Diagnostics Market in Select High-Burden Countries Current Market and Future Opportunities for Novel Diagnostics","https://marketbookshelf.com/publications/tuberculosis-diagnostics-market-select-high-burden-countries-current-market-future-opportunities-novel-diagnostics/"
"Tuberculosis Diagnostics Technology and Market Landscape &#8211; 4th Edition","https://marketbookshelf.com/publications/tuberculosis-diagnostics-technology-market-landscape-4th-edition/"
"Tuberculosis Medicines Technology and Market Landscape 2014","https://marketbookshelf.com/publications/tuberculosis-medicines-technology-market-landscape-2014/"
"Malaria Diagnostics Technology and Market Landscape: 3rd Edition","https://marketbookshelf.com/publications/malaria-diagnostics-technology-market-landscape-3rd-edition/"
"Malaria Medicines Landscape 2015","https://marketbookshelf.com/publications/malaria-medicines-landscape-2015/"
"Malaria Diagnostics Landscape Update","https://marketbookshelf.com/publications/malaria-diagnostics-landscape-update/"
"Malaria Vector Control Commodities Landscape &#8211; 2nd edition","https://marketbookshelf.com/publications/malaria-vector-control-commodities-landscape-2nd-edition/"
"Malaria Diagnostics Technology and Market Landscape &#8211; 2nd Edition","https://marketbookshelf.com/publications/malaria-diagnostics-technology-market-landscape-2nd-edition/"
"Malaria Medicines Landscape 2013","https://marketbookshelf.com/publications/malaria-medicines-landscape-2013/"
"HIV, Tuberculosis and Malaria Medicines Landscape: Progress Report on Emerging Issues and Potential Opportunities to Improve Access","https://marketbookshelf.com/publications/hiv-tuberculosis-malaria-medicines-landscape-progress-report-emerging-issues-potential-opportunities-improve-access/"
"Myanmar: 2016 FPwatch Outlet Survey","https://marketbookshelf.com/publications/myanmar-2016-fpwatch-outlet-survey/"
"Myanmar 2016 FPwatch Survey: Findings from a contraceptive commodity and service assessment among private sector outlets","https://marketbookshelf.com/publications/myanmar-2016-fpwatch-survey-findings-contraceptive-commodity-service-assessment-among-private-sector-outlets/"
"Myanmar FPwatch 2016 Overview","https://marketbookshelf.com/publications/myanmar-fpwatch-2016-overview/"
"DRC: 2015 FPwatch Outlet Survey","https://marketbookshelf.com/publications/drc-2015-fpwatch-outlet-survey/"
"Ethiopia: 2015 FPwatch Outlet Survey","https://marketbookshelf.com/publications/ethiopia-2015-fpwatch-outlet-survey/"
"DRC: Kinshasa FPwatch Overview","https://marketbookshelf.com/publications/drc-kinshasa-fpwatch-overview/"
"Myanmar Outlet Survey Findings, 2015","https://marketbookshelf.com/publications/myanmar-outlet-survey-findings-2015/"
"Antimalarial Market Intelligence in Myanmar: ACTwatch Findings 2015","https://marketbookshelf.com/publications/antimalarial-market-intelligence-myanmar-actwatch-findings-2015/"
"Oral AMT Market Characteristics in Myanmar: ACTwatch Findings 2015","https://marketbookshelf.com/publications/oral-amt-market-characteristics-myanmar-actwatch-findings-2015/"
"Non-Quality-Assured ACT Availability and Distribution in 8 African Countries: 2009-2015","https://marketbookshelf.com/publications/non-quality-assured-act-availability-distribution-8-african-countries-2009-2015/"
"Malaria Medicine & Diagnostic Markets in the Greater Mekong Sub-Region","https://marketbookshelf.com/publications/malaria-medicine-diagnostic-markets-greater-mekong-sub-region/"
"Global Malaria Diagnostic and Artemisinin Treatment Commodities Demand Forecast: 2015-2018 Policy Brief","https://marketbookshelf.com/publications/global-malaria-diagnostic-artemisinin-treatment-commodities-demand-forecast-2015-2018-policy-brief/"
"What determines the sale of oral artemisinin monotherapy among private sector providers in Myanmar?","https://marketbookshelf.com/publications/determines-sale-oral-artemisinin-monotherapy-among-private-sector-providers-myanmar/"
"Malaria markets in the Greater Mekong Sub-Region: 2015-2016","https://marketbookshelf.com/publications/malaria-markets-greater-mekong-sub-region-2015-2016/"
"Malaria market trends in Sub-Saharan Africa: 2009-2015","https://marketbookshelf.com/publications/malaria-market-trends-sub-saharan-africa-2009-2015/"
"Nigeria FPwatch Overview","https://marketbookshelf.com/publications/nigeria-fpwatch-overview/"
"Nigeria 2015 FPwatch Survey: Findings from a contraceptive commodity and service assessment among public and private sector outlets","https://marketbookshelf.com/publications/nigeria-2015-fpwatch-survey-findings-contraceptive-commodity-service-assessment-among-public-private-sector-outlets/"
"ACTwatch Outlet Survey Findings by Private Sector Outlets in the PPM and non-PPM Areas, Laos 2015","https://marketbookshelf.com/publications/actwatch-outlet-survey-findings-private-sector-outlets-ppm-non-ppm-areas-laos-2015/"
"ACTwatch Outlet Survey Results Lao PDR, 2015","https://marketbookshelf.com/publications/actwatch-outlet-survey-results-lao-pdr-2015/"
"Lao PDR 2015 Outlet Survey Findings &#8211; Presentation","https://marketbookshelf.com/publications/lao-pdr-2015-outlet-survey-findings-presentation/"
"From ACTwatch to Action: Working with the private sector in Lao PDR","https://marketbookshelf.com/publications/actwatch-action-working-private-sector-lao-pdr/"
"Uganda 2015 Private-Sector Fever Case Management Study &#8211; Presentation","https://marketbookshelf.com/publications/uganda-2015-private-sector-fever-case-management-study-presentation/"
"Uganda outlet survey findings: 2010, 2011, 2013, 2015","https://marketbookshelf.com/publications/uganda-outlet-survey-findings-2010-2011-2013-2015/"
"Designing a Global Financing and Procurement Mechanism for Reproductive Health Supplies","https://marketbookshelf.com/publications/designing-global-financing-procurement-mechanism-reproductive-health-supplies/"
"Differential Pricing for Pharmaceuticals: Review of current knowledge, new findings and ideas for action","https://marketbookshelf.com/publications/differential-pricing-pharmaceuticals-review-current-knowledge-new-findings-ideas-action/"
"Ready, Set, Slow down: New and promising DR-TB drugs are grabbing headlines but not reaching patients:  MSF on the policies underpinning the deadly DR-TB treatment gap","https://marketbookshelf.com/publications/ready-set-slow-new-promising-dr-tb-drugs-grabbing-headlines-not-reaching-patients-msf-policies-underpinning-deadly-dr-tb-treatment-gap/"
"Diagnostic market analysis: HIV simple/rapid, enzyme immunoassay (EIA) and supplemental tests: available data and implications for future funding","https://marketbookshelf.com/publications/diagnostic-market-analysis-hiv-simplerapid-enzyme-immunoassay-eia-supplemental-tests-available-data-implications-future-funding/"
"Drugs and Vaccines for Developing Countries","https://marketbookshelf.com/publications/drugs-vaccines-developing-countries/"
"Uganda: 2015 ACTwatch Outlet Survey &#8211; Presentation","https://marketbookshelf.com/publications/uganda-2015-actwatch-outlet-survey-presentation/"
"ACTwatch Private-sector Fever Case Management Study Uganda, 2015","https://marketbookshelf.com/publications/actwatch-private-sector-fever-case-management-study-uganda-2015/"
"Life is but a Rich Tapestry of Antimalarials: Myanmar&#8217;s Antimalarial Private Sector Market in 2015","https://marketbookshelf.com/publications/life-rich-tapestry-antimalarials-myanmars-antimalarial-private-sector-market-2015/"
"From Data Black Hole to the Big Bang: Monitoring Anti-malarial markets in the context of Malaria Elimination Management Strategies in Cambodia","https://marketbookshelf.com/publications/data-black-hole-big-bang-monitoring-anti-malarial-markets-context-malaria-elimination-management-strategies-cambodia/"
"Antimalarial Market Intelligence in Cambodia: ACTwatch Findings 2009, 2011, 2013, & 2015","https://marketbookshelf.com/publications/antimalarial-market-intelligence-cambodia-actwatch-findings-2009-2011-2013-2015/"
"ACTwatch Outlet Survey Results: Cambodia 2009-2015","https://marketbookshelf.com/publications/actwatch-outlet-survey-results-cambodia-2009-2015/"
"Cambodia 2009-2015 Outlet Survey Trends &#8211; Presentation","https://marketbookshelf.com/publications/cambodia-2009-2015-outlet-survey-trends-presentation/"
"Cambodia Outlet Survey: Key Findings and Next Steps &#8211; Presentation","https://marketbookshelf.com/publications/cambodia-outlet-survey-key-findings-next-steps-presentation/"
"Private Sector Malaria Case Management in Cambodia: ACTwatch Findings 2015","https://marketbookshelf.com/publications/private-sector-malaria-case-management-cambodia-actwatch-findings-2015/"
"ACTwatch Private-sector Case Management Study: Cambodia 2015","https://marketbookshelf.com/publications/511/"
"Ethiopia 2015 contraceptive commodity and service assessment: Findings from public and private sector outlets","https://marketbookshelf.com/publications/ethiopia-2015-contraceptive-commodity-service-assessment-findings-public-private-sector-outlets/"
"Healthy Markets for Global Health: A Market Shaping Primer","https://marketbookshelf.com/publications/healthy-markets-global-health-market-shaping-primer/"
"Market Shaping for Family Planning: An analysis of current activities and future opportunities to improve the effectiveness of family planning markets","https://marketbookshelf.com/publications/market-shaping-family-planning-analysis-current-activities-future-opportunities-improve-effectiveness-family-planning-markets/"
"Ethiopia FPwatch Overview","https://marketbookshelf.com/publications/ethiopia-fpwatch-overview/"
"Oral artemisinin monotherapy removal from the private sector in Eastern Myanmar between 2012 and 2014","https://marketbookshelf.com/publications/oral-artemisinin-monotherapy-removal-private-sector-eastern-myanmar-2012-2014/"
"Improving Malaria Case Management in the Private Sector: Artemisinin Monotherapy Replacement Project","https://marketbookshelf.com/publications/improving-malaria-case-management-private-sector-artemisinin-monotherapy-replacement-project/"
"Artemisinin Monotherapy Replacement Project: 2012-2015","https://marketbookshelf.com/publications/540/"
"Zambia outlet survey findings: 2009, 2011, 2014","https://marketbookshelf.com/publications/zambia-outlet-survey-findings-2009-2011-2014/"
"Benin outlet survey findings: 2009, 2011, 2014","https://marketbookshelf.com/publications/benin-outlet-survey-findings-2009-2011-2014/"
"Benin: 2014 ACTwatch Outlet Survey Malaria Indicator Survey 2014","https://marketbookshelf.com/publications/benin-2014-actwatch-outlet-survey-malaria-indicator-survey-2014/"
"2013-2014 ORS and Zinc Survey: Results from 9 Countries","https://marketbookshelf.com/publications/2013-2014-ors-zinc-survey-results-9-countries/"
"Tanzania outlet survey findings: 2010, 2011, 2014","https://marketbookshelf.com/publications/tanzania-outlet-survey-findings-2010-2011-2014/"
"Tanzania: ACTwatch Outlet Survey 2014 &#8211; Presentation","https://marketbookshelf.com/publications/tanzania-actwatch-outlet-survey-2014-presentation/"
"Kenya outlet survey findings: 2010, 2011, 2014","https://marketbookshelf.com/publications/kenya-outlet-survey-findings-2010-2011-2014/"
"Kenya: 2014 ACTwatch Outlet Survey &#8211; Presentation","https://marketbookshelf.com/publications/kenya-2014-actwatch-outlet-survey-presentation/"
"Antimalarial Market Intelligence in Cambodia: ACTwatch Findings 2009, 2011, 2013","https://marketbookshelf.com/publications/antimalarial-market-intelligence-cambodia-actwatch-findings-2009-2011-2013/"
"ACTwatch Expansion in the Greater Mekong Sub-Region","https://marketbookshelf.com/publications/actwatch-expansion-greater-mekong-sub-region/"
"Uganda 2013 Outlet Survey Results","https://marketbookshelf.com/publications/uganda-2013-outlet-survey-results/"
"Uganda National Outlet Survey 2013 &#8211; Presentation","https://marketbookshelf.com/publications/uganda-national-outlet-survey-2013-presentation/"
"Nigeria 2013 Outlet Survey Results","https://marketbookshelf.com/publications/nigeria-2013-outlet-survey-results/"
"Cambodia 2013 Outlet Survey Results","https://marketbookshelf.com/publications/cambodia-2013-outlet-survey-results/"
"Nigeria National Outlet Survey 2013 &#8211; Presentation","https://marketbookshelf.com/publications/nigeria-national-outlet-survey-2013-presentation/"
"Providing Malaria Market Evidence Through the ACTwatch Project","https://marketbookshelf.com/publications/providing-malaria-market-evidence-actwatch-project/"
"The potential to test and treat malaria in Nigeria: Results from national outlet surveys (2009-2013)","https://marketbookshelf.com/publications/potential-test-treat-malaria-nigeria-results-national-outlet-surveys-2009-2013/"
"Trends in antimalarial medicine and malaria diagnostic availability in Cambodia between 2009 and 2013","https://marketbookshelf.com/publications/trends-antimalarial-medicine-malaria-diagnostic-availability-cambodia-2009-2013/"
"Oral Artemisinin Monotherapy (oral AMT) Products found in 2013 ACTwatch Outlet Surveys","https://marketbookshelf.com/publications/oral-artemisinin-monotherapy-oral-amt-products-found-2013-actwatch-outlet-surveys/"
"Understanding Private Sector Antimalarial Distribution Chains: A Cross-Sectional Mixed Methods Study in Six Malaria-Endemic Countries","https://marketbookshelf.com/publications/understanding-private-sector-antimalarial-distribution-chains-cross-sectional-mixed-methods-study-six-malaria-endemic-countries/"
"Tracking changes in Myanmar&#8217;s antimalarial market in the context of drug resistance containment","https://marketbookshelf.com/publications/tracking-changes-myanmars-antimalarial-market-context-drug-resistance-containment/"
"Monitoring supply and demand for antimalarials and RDTs: an update on ACTwatch","https://marketbookshelf.com/publications/monitoring-supply-demand-antimalarials-rdts-update-actwatch/"
"Comparative analysis of two methods for measuring sales volumes during malaria medicine outlet surveys","https://marketbookshelf.com/publications/comparative-analysis-two-methods-measuring-sales-volumes-malaria-medicine-outlet-surveys/"
"Treatment seeking for fever: Uganda, Nigeria, Madagascar","https://marketbookshelf.com/publications/treatment-seeking-fever-uganda-nigeria-madagascar/"
"Availability, Volumes, Price and Use of Antimalarials in Zambia: Outlet Survey 2008, Household Survey 2009","https://marketbookshelf.com/publications/availability-volumes-price-use-antimalarials-zambia-outlet-survey-2008-household-survey-2009/"
"Methods for implementing a medicine outlet survey: lessons from the anti-malarial market","https://marketbookshelf.com/publications/methods-implementing-medicine-outlet-survey-lessons-anti-malarial-market/"
"A Qualitative Assessment of the Private Sector Antimalarial Distribution Chain in the Democratic Republic of Congo","https://marketbookshelf.com/publications/qualitative-assessment-private-sector-antimalarial-distribution-chain-democratic-republic-congo/"
"Antimalarial drugs and diagnostic testing in the era of subsidies: multi-country findings","https://marketbookshelf.com/publications/antimalarial-drugs-diagnostic-testing-era-subsidies-multi-country-findings/"
"A Qualitative Assessment of the Private Sector Antimalarial Distribution Chain in Uganda, 2009","https://marketbookshelf.com/publications/qualitative-assessment-private-sector-antimalarial-distribution-chain-uganda-2009/"
"A Qualitative Assessment of the Private Sector Antimalarial Distribution Chain in Nigeria, 2009","https://marketbookshelf.com/publications/qualitative-assessment-private-sector-antimalarial-distribution-chain-nigeria-2009/"
"Outlet Survey Republic of Madagascar 2011 Survey Report","https://marketbookshelf.com/publications/outlet-survey-republic-madagascar-2011-survey-report/"
"Outlet Survey Republic of Uganda 2011 Survey Report","https://marketbookshelf.com/publications/outlet-survey-republic-uganda-2011-survey-report/"
"Benin Private Health Sector Census","https://marketbookshelf.com/publications/benin-private-health-sector-census/"
"Census of Private Health Facilities in Nigeria","https://marketbookshelf.com/publications/census-private-health-facilities-nigeria/"
"Antimalarial Markets in 9 Malaria Endemic Countries World Bank","https://marketbookshelf.com/publications/antimalarial-markets-9-malaria-endemic-countries-world-bank/"
"Health Seeking Behavior and Use of Antimalarials and RDTs in 6 Malaria Endemic Countries","https://marketbookshelf.com/publications/health-seeking-behavior-use-antimalarials-rdts-6-malaria-endemic-countries/"
"Mapping the private commercial sector distribution chain for antimalarials in six low-income countries in Africa and South-East Asia","https://marketbookshelf.com/publications/mapping-private-commercial-sector-distribution-chain-antimalarials-six-low-income-countries-africa-south-east-asia/"
"A Census of Private Health Facilities and Providers in Malawi","https://marketbookshelf.com/publications/census-private-health-facilities-providers-malawi/"
"Malawi Private Health Sector Mapping Report","https://marketbookshelf.com/publications/malawi-private-health-sector-mapping-report/"
"Total Market Success: The Paraguay Story","https://marketbookshelf.com/publications/total-market-success-paraguay-story/"
"Country Commodity Manager, Manual to Accompany A Computer Program for Management and Forecasting of Reproductive Health Commodity Needs","https://marketbookshelf.com/publications/country-commodity-manager-manual-accompany-computer-program-management-forecasting-reproductive-health-commodity-needs/"
"Synthesis Report: UNFPA Global Programme to Enhance Reproductive Health Commodity Security Mid-Term Review Final draft (version 2)","https://marketbookshelf.com/publications/synthesis-report-unfpa-global-programme-enhance-reproductive-health-commodity-security-mid-term-review-final-draft-version-2/"
"Planning Guide for a Total Market Approach to Increase Access to Family Planning Module 1: Landscape Assessment","https://marketbookshelf.com/publications/planning-guide-total-market-approach-increase-access-family-planning-module-1-landscape-assessment/"
"Outlet Survey Nigeria 2011 Survey Report","https://marketbookshelf.com/publications/outlet-survey-nigeria-2011-survey-report/"
"Monitoring fever treatment behavior and equitable access to effective medicines in the context of initiatives to improve ACT access: baseline results and implications for programming in six African countries","https://marketbookshelf.com/publications/monitoring-fever-treatment-behavior-equitable-access-effective-medicines-context-initiatives-improve-act-access-baseline-results-implications-programming-six-african-co/"
"Outlet Survey Kingdom of Cambodia 2011 Survey Report","https://marketbookshelf.com/publications/outlet-survey-kingdom-cambodia-2011-survey-report/"
"The private sector role in the supply of antimalarial drugs: Evidence from ACTwatch & implications for initiatives to improve ACT access","https://marketbookshelf.com/publications/private-sector-role-supply-antimalarial-drugs-evidence-actwatch-implications-initiatives-improve-act-access/"
"The potential of the private sector to promote the integration of rapid diagnostic tests for malaria into developing country health systems: a multi-country study","https://marketbookshelf.com/publications/potential-private-sector-promote-integration-rapid-diagnostic-tests-malaria-developing-country-health-systems-multi-country-study/"
"Outlet Survey Republic of Zambia 2011 Survey Report","https://marketbookshelf.com/publications/outlet-survey-republic-zambia-2011-survey-report/"
"Availability, Price and Volume of Antimalarials in Seven Malaria Endemic Countries: A Summary of Results from Multi-Country Outlet Survey Research 2009-2010","https://marketbookshelf.com/publications/availability-price-volume-antimalarials-seven-malaria-endemic-countries-summary-results-multi-country-outlet-survey-research-2009-2010/"
"Outlet Survey Republic of Benin 2011 Survey","https://marketbookshelf.com/publications/outlet-survey-republic-benin-2011-survey/"
"The antimalarial retail market in Benin: results from OS3","https://marketbookshelf.com/publications/antimalarial-retail-market-benin-results-os3/"
"Outlet Survey Republic of Uganda 2010 Survey Report","https://marketbookshelf.com/publications/outlet-survey-republic-uganda-2010-survey-report/"
"Outlet Survey Republic of Madagascar 2010 Survey Report","https://marketbookshelf.com/publications/outlet-survey-republic-madagascar-2010-survey-report/"
"Access to essential medicines for sexual and reproductive health care: The role of pharmaceutical industry and international regulation","https://marketbookshelf.com/publications/access-essential-medicines-sexual-reproductive-health-care-role-pharmaceutical-industry-international-regulation/"
"Advance Market Commitments for Vaccines Against Neglected Diseases: Estimating Costs and Effectiveness","https://marketbookshelf.com/publications/advance-market-commitments-vaccines-neglected-diseases-estimating-costs-effectiveness/"
"An Analysis of How the GAVI Alliance and Low- and Middle-Income Countries Can Share Costs of New Vaccines","https://marketbookshelf.com/publications/analysis-gavi-alliance-low-middle-income-countries-can-share-costs-new-vaccines/"
"Assessing demand for depo-subQ in Uniject: A five-country modeling exercise","https://marketbookshelf.com/publications/assessing-demand-depo-subq-uniject-five-country-modeling-exercise/"
"Assessing Policies and Practices That Affect Contraceptive Financing and Procurement","https://marketbookshelf.com/publications/assessing-policies-practices-affect-contraceptive-financing-procurement/"
"Planning Guide for a Total Market Approach to Increase Access to Family Planning: Toolkit and Glossary","https://marketbookshelf.com/publications/planning-guide-total-market-approach-increase-access-family-planning-toolkit-glossary/"
"New MEASURE Evaluation Resources to Increase Access to Family Planning","https://marketbookshelf.com/publications/new-measure-evaluation-resources-increase-access-family-planning/"
"A Participatory Approach: Using Evidence to Support a Total Market Approach to Family Planning","https://marketbookshelf.com/publications/participatory-approach-using-evidence-support-total-market-approach-family-planning/"
"Policy Brief: Global Malaria Diagnostic and Artemisinin Treatment Commodities Demand Forecast 2015 – 2018","https://marketbookshelf.com/publications/policy-brief-global-malaria-diagnostic-artemisinin-treatment-commodities-demand-forecast-2015-2018/"
"ARV Market Report: The State of the Antiretroviral Drug Market in Low- and Middle-Income Countries, November 2013","https://marketbookshelf.com/publications/chai-arv-market-report-november-2013-state-antiretroviral-drug-market-low-middle-income-countries/"
"Demand Forecast for Artemisinin-based Combination Therapies (ACTs) in 2012-2013 Q1-2012 Report","https://marketbookshelf.com/publications/demand-forecast-artemisinin-based-combination-therapies-acts-2012-2013-q1-2012-report/"
"Demand Forecast for Artemisinin-based Combination Therapies (ACTs) in 2012-2013 Q2-2012 Report","https://marketbookshelf.com/publications/demand-forecast-artemisinin-based-combination-therapies-acts-2012-2013-q2-2012-report/"
"Demand Forecast for Artemisinin-based Combination Therapies (ACTs) in 2012-2013 Q3-2012 Report","https://marketbookshelf.com/publications/demand-forecast-artemisinin-based-combination-therapies-acts-2012-2013-q3-2012-report/"
"The Advance Market Commitment for Pneumococcal Vaccines: Process and Design Evaluation","https://marketbookshelf.com/publications/advance-market-commitment-pneumococcal-vaccines-process-design-evaluation/"
"Pathways of Change:  How DMPA-SC Introduction May Impact a National Family Planning Program","https://marketbookshelf.com/publications/pathways-change-dmpa-sc-introduction-may-impact-national-family-planning-program/"
"Qualitative Research for Social Marketing: One Organization’s Journey to Improved Consumer Insight","https://marketbookshelf.com/publications/qualitative-research-social-marketing-one-organizations-journey-improved-consumer-insight/"
"Business Case: Investing in Production of High-Quality Magnesium Sulfate for Low-Resource Settings","https://marketbookshelf.com/publications/business-case-investing-production-high-quality-magnesium-sulfate-low-resource-settings/"
"Business Case: Investing in Production of High-Quality Misoprostol for Low-Resource Settings","https://marketbookshelf.com/publications/business-case-investing-production-high-quality-misoprostol-low-resource-settings/"
"Business Case: Investing in Production of High-Quality Oxytocin for Low-Resource Settings","https://marketbookshelf.com/publications/business-case-investing-production-high-quality-oxytocin-low-resource-settings/"
"Accelovate Maternal Health Drug Business Assessments User Guide","https://marketbookshelf.com/publications/accelovate-maternal-health-drug-business-assessments-user-guide/"
"Pneumococcal Advance Market Commitment: Lessons Learnt on Disease and Design Choices and Processes","https://marketbookshelf.com/publications/pneumococcal-advance-market-commitment-lessons-learnt-disease-design-choices-processes/"
"Policy Brief: ACT Demand Forecast, 2012-2013","https://marketbookshelf.com/publications/policy-brief-act-demand-forecast-2012-2013/"
"Market shaping: access to low and sustainable vaccine prices","https://marketbookshelf.com/publications/market-shaping-access-low-sustainable-vaccine-prices/"
"Medicine prices in urban Mozambique: A public health and economic study of pharmaceutical markets and price determinants in low-income settings","https://marketbookshelf.com/publications/medicine-prices-urban-mozambique-public-health-economic-study-pharmaceutical-markets-price-determinants-low-income-settings/"
"Financing Medical Innovation Through Alternative Mechanisms","https://marketbookshelf.com/publications/financing-medical-innovation-alternative-mechanisms/"
"Procurement and Pricing of New Vaccines for Developing Countries","https://marketbookshelf.com/publications/procurement-pricing-new-vaccines-developing-countries/"
"Procuring Contraceptives: Options for Countries","https://marketbookshelf.com/publications/procuring-contraceptives-options-countries/"
"The Quality of Reproductive Health Medicines Programme: Key milestones and the road ahead for expanding access to affordable, quality-assured medicine and support","https://marketbookshelf.com/publications/quality-reproductive-health-medicines-programme-key-milestones-road-ahead-expanding-access-affordable-quality-assured-medicine-support/"
"A Review of the AZD5847 Patent Landscape","https://marketbookshelf.com/publications/review-azd5847patent-landscape/"
"A Review of the Bedaquiline Patent Landscape","https://marketbookshelf.com/publications/review-bedaquiline-patent-landscape/"
"A Review of the Delamanid Patent Landscape","https://marketbookshelf.com/publications/review-delamanid-patent-landscape/"
"A Review of the PA-824 Patent Landscape","https://marketbookshelf.com/publications/review-pa-824-patent-landscape/"
"A Review of the SQ-109 Patent Landscape","https://marketbookshelf.com/publications/review-sq-109-patent-landscape/"
"A Review of the Sutezolid (PNU-100480) Patent Landscape","https://marketbookshelf.com/publications/review-sutezolid-pnu-100480-patent-landscape/"
"An integrative model for social marketing","https://marketbookshelf.com/publications/integrative-model-social-marketing/"
"Towards the Standardization of Total Market Approach Indicators for Male Condoms","https://marketbookshelf.com/publications/towards-standardization-total-market-approach-indicators-male-condoms/"
"Ethiopia. Family planning market analysis: Using evidence on demand and use for contraception to plan for a total market approach in Ethiopia","https://marketbookshelf.com/publications/ethiopia-family-planning-market-analysis-using-evidence-demand-use-contraception-plan-total-market-approach-ethiopia/"
"TMA Study for Family Planning in Four East and Southern African Countries","https://marketbookshelf.com/publications/tma-study-family-planning-four-east-southern-african-countries/"
"Demand Forecasting For Essential Medical Technologies","https://marketbookshelf.com/publications/demand-forecasting-essential-medical-technologies/"
"Value for Money in LLIN Speciﬁcations Guidance: Ensuring highest value for money in LLIN procurement by balancing cost with end-user and program benefits","https://marketbookshelf.com/publications/value-money-llin-speci%ef%ac%81cations-guidance-ensuring-highest-value-money-llin-procurement-balancing-cost-end-user-program-benefits/"
"A win-win solution?: A critical analysis of tiered pricing to improve access to medicines in developing countries","https://marketbookshelf.com/publications/win-win-solution-critical-analysis-tiered-pricing-improve-access-medicines-developing-countries/"
"DR-TB Drugs under the microscope: 1st Edition","https://marketbookshelf.com/publications/dr-tb-drugs-microscope-1st-edition/"
"Why UNITAID Matters for People Living with HIV/AIDS, TB and Malaria","https://marketbookshelf.com/publications/unitaid-matters-people-living-hivaids-tb-malaria/"
"New Dialogue for the Way Forward in Maternal Health: Addressing Market Inefficiencies","https://marketbookshelf.com/publications/new-dialogue-way-forward-maternal-health-addressing-market-inefficiencies/"
"Scaling up life-saving commodities for women, children, and newborns:  An Advocacy Toolkit","https://marketbookshelf.com/publications/scaling-life-saving-commodities-women-children-newborns-advocacy-toolkit/"
"Private Sector Engagement in Sexual and Reproductive Health and Maternal and Neonatal Health: A Review of the Evidence","https://marketbookshelf.com/publications/private-sector-engagement-sexual-reproductive-health-maternal-neonatal-health-review-evidence/"
"Constraints and opportunities for implementing nutrition-specific, agricultural, and market-based approaches to improve nutrient intake adequacy among infants and young children in two regions of rural Kenya","https://marketbookshelf.com/publications/constraints-opportunities-implementing-nutrition-specific-agricultural-market-based-approaches-improve-nutrient-intake-adequacy-among-infants-young-children-two-regions-rura/"
"Applying lessons learned from the USAID family planning graduation experience to the GAVI graduation process","https://marketbookshelf.com/publications/applying-lessons-learned-usaid-family-planning-graduation-experience-gavi-graduation-process/"
"Improving access to ACTs and rapid diagnostic tests in the Cambodian private sector through social marketing","https://marketbookshelf.com/publications/improving-access-acts-rapid-diagnostic-tests-cambodian-private-sector-social-marketing/"
"A study on the manufacture of hormonal contraceptives in China, India and Thailand","https://marketbookshelf.com/publications/study-manufacture-hormonal-contraceptives-china-india-thailand/"
"Solutions to improve access to medicines and biomedical innovation through EU trade and R&D policy","https://marketbookshelf.com/publications/solutions-improve-access-medicines-biomedical-innovation-eu-trade-rd-policy/"
"Stabilizing supply of artemisinin and artemisinin-based combination therapy in an era of wide-spread scale-up","https://marketbookshelf.com/publications/stabilizing-supply-artemisinin-artemisinin-based-combination-therapy-era-wide-spread-scale/"
"Striking the right balance:  Accessing New Anti-Tuberculosis Drugs in India","https://marketbookshelf.com/publications/striking-right-balance-accessing-new-anti-tuberculosis-drugs-india/"
"Reduced price on rotavirus vaccines: enough to facilitate access where most needed?","https://marketbookshelf.com/publications/reduced-price-rotavirus-vaccines-enough-facilitate-access-needed/"
"Regional group purchasing of vaccines: review of the Pan American Health Organization EPI revolving fund and the Gulf Cooperation Council group purchasing program","https://marketbookshelf.com/publications/regional-group-purchasing-vaccines-review-pan-american-health-organization-epi-revolving-fund-gulf-cooperation-council-group-purchasing-program/"
"Rethinking and reinventing Michael Porter’s ﬁve forces model","https://marketbookshelf.com/publications/rethinking-reinventing-michael-porters-%ef%ac%81ve-forces-model/"
"Role of vaccine manufacturers in developing countries towards global health care by providing quality vaccines at affordable prices","https://marketbookshelf.com/publications/role-vaccine-manufacturers-developing-countries-towards-global-health-care-providing-quality-vaccines-affordable-prices/"
"It’s all about women: creating healthy, functional markets to address the unmet global need for contraception","https://marketbookshelf.com/publications/women-creating-healthy-functional-markets-address-unmet-global-need-contraception/"
"A Value for Money Perspective Applied to Global Health Initiative Market Shaping Activities","https://marketbookshelf.com/publications/value-money-perspective-applied-global-health-initiative-market-shaping-activities/"
"Stakeholder perceptions of a total market approach to family planning in Viet Nam","https://marketbookshelf.com/publications/stakeholder-perceptions-total-market-approach-family-planning-viet-nam/"
"Innovative health service delivery models in low and middle income countries &#8211; what can we learn from the private sector?","https://marketbookshelf.com/publications/innovative-health-service-delivery-models-low-middle-income-countries-can-learn-private-sector/"
"Untangling the Web of Antiretroviral Price Reductions &#8211; 14th Edition, 2011","https://marketbookshelf.com/publications/untangling-web-antiretroviral-price-reductions-14th-edition-2011/"
"Untangling the Web of Antiretroviral Price Reductions &#8211; 15th Edition, 2012","https://marketbookshelf.com/publications/untangling-web-antiretroviral-price-reductions-15th-edition-2012/"
"Untangling the Web of Antiretroviral Price Reductions &#8211; 16th Edition, 2013","https://marketbookshelf.com/publications/untangling-web-antiretroviral-price-reductions-16th-edition-2013/"
"Using National Resources to Finance Contraceptive Procurement: Policy Brief","https://marketbookshelf.com/publications/using-national-resources-finance-contraceptive-procurement-policy-brief/"
"Vaccinating Children Beyond the &#8216;Cold Chain&#8217;: Extending the heat stability of vaccines","https://marketbookshelf.com/publications/vaccinating-children-beyond-cold-chain-extending-heat-stability-vaccines/"
"DR-TB Drugs under the microscope: 2nd edition","https://marketbookshelf.com/publications/dr-tb-drugs-microscope-2nd-edition/"
"DR-TB Drugs under the microscope: 3rd edition","https://marketbookshelf.com/publications/dr-tb-drugs-microscope-3rd-edition/"
"A Forecasting Guide For New and Underused Methods of Family Planning:  What to Do When There Is No Trend Data?","https://marketbookshelf.com/publications/forecasting-guide-new-underused-methods-family-planning-no-trend-data/"
"Financing Contraceptives: A New Funding Environment","https://marketbookshelf.com/publications/financing-contraceptives-new-funding-environment/"
"Ghana: Market Segmentation Analysis","https://marketbookshelf.com/publications/ghana-market-segmentation-analysis/"
"Hepatitis C Medicines: Technology and Market Landscape","https://marketbookshelf.com/publications/hepatitis-c-medicines-technology-market-landscape/"
"When One Size Doesn&#8217;t Fit All: Using Client-Centered Market Segmentation to Tailor Family Planning Programs","https://marketbookshelf.com/publications/one-size-doesnt-fit-using-client-centered-market-segmentation-tailor-family-planning-programs/"
"Assessing the global availability of misoprostol","https://marketbookshelf.com/publications/assessing-global-availability-misoprostol/"
"Achieving Universal Access to Family Planning Services through the Private Sector","https://marketbookshelf.com/publications/achieving-universal-access-family-planning-services-private-sector/"
"Total market approach to family planning","https://marketbookshelf.com/publications/total-market-approach-family-planning/"
"Overview of the HIV/AIDS antiretroviral medicines pipeline and existing products on the market: a focus on suitability for use in resource-limited settings","https://marketbookshelf.com/publications/overview-hivaids-antiretroviral-medicines-pipeline-existing-products-market-focus-suitability-use-resource-limited-settings/"
"The Right Shot: Extending the Reach of Affordable and Adapted Vaccines","https://marketbookshelf.com/publications/right-shot-extending-reach-affordable-adapted-vaccines/"
"The role of emerging manufacturers in access to innovative vaccines of public health importance","https://marketbookshelf.com/publications/role-emerging-manufacturers-access-innovative-vaccines-public-health-importance/"
"A study of the capability of manufacturers of generic hormonal contraceptives in lower- and middle-income countries","https://marketbookshelf.com/publications/study-capability-manufacturers-generic-hormonal-contraceptives-lower-middle-income-countries/"
"Tuberculosis Diagnosis and Drug Sensitivity Testing:  An Overview of the Current Diagnostic Pipeline","https://marketbookshelf.com/publications/tuberculosis-diagnosis-drug-sensitivity-testing-overview-current-diagnostic-pipeline/"
"UN Commission on Life-Saving Commodities for Women and Children Commissioners&#8217; Report","https://marketbookshelf.com/publications/un-commission-life-saving-commodities-women-children-commissioners-report/"
"The Role of Social Marketing Organizations in Strengthening the Commercial Sector: Case Studies for Male Condoms in Myanmar and Viet Nam","https://marketbookshelf.com/publications/role-social-marketing-organizations-strengthening-commercial-sector-case-studies-male-condoms-myanmar-viet-nam/"
"Idea To Impact: A Guide to Introduction and Scale of Global Health Innovations","https://marketbookshelf.com/publications/idea-impact-guide-introduction-scale-global-health-innovations/"
"Best Practices for Fostering Family Planning Total Markets in Indonesia, Mexico, Romania, Thailand, and Turkey: A Retrospective Analysis","https://marketbookshelf.com/publications/best-practices-fostering-family-planning-total-markets-indonesia-mexico-romania-thailand-turkey-retrospective-analysis/"
"Idea to Impact:  Practitioner&#8217;s Workbook","https://marketbookshelf.com/publications/idea-impact-practitioners-workbook/"
"Idea to Impact:  Guide to Introduction and Scale of Global Health Innovations; Toolkit Overview","https://marketbookshelf.com/publications/idea-impact-guide-introduction-scale-global-health-innovations-toolkit-overview/"
"HIV/AIDS Diagnostic Technology Landscape &#8211; 3rd Edition, 2013","https://marketbookshelf.com/publications/hivaids-diagnostic-technology-landscape-3rd-edition-2013/"
"HIV/AIDS Diagnostic Technology Landscape &#8211; Semi-annual Update, 2013","https://marketbookshelf.com/publications/hivaids-diagnostic-technology-landscape-semi-annual-update-2013/"
"Malaria Diagnostics Market Landscape Update &#8211; 2013","https://marketbookshelf.com/publications/malaria-diagnostics-market-landscape-update-2013/"
"Malaria Vector Control Commodities Landscape &#8211; 2013","https://marketbookshelf.com/publications/malaria-vector-control-commodities-landscape-2013/"
"Advanced Market Commitment for Pneumococcal Vaccines: Annual Report 2013-2014","https://marketbookshelf.com/publications/advanced-market-commitment-pneumococcal-vaccines-annual-report-2013-2014/"
"Out Of Step: Deadly implementation gaps in the TB response","https://marketbookshelf.com/publications/step-deadly-implementation-gaps-tb-response/"
"Pharmaceutical Pricing in Emerging Markets: Effects of Income, Competition, and Procurement","https://marketbookshelf.com/publications/pharmaceutical-pricing-emerging-markets-effects-income-competition-procurement/"
"Nutrition for a Better Tomorrow: Scaling Up Delivery of Micronutrient Powders for Infants and Young Children","https://marketbookshelf.com/publications/nutrition-better-tomorrow-scaling-delivery-micronutrient-powders-infants-young-children/"
"Untangling the Web of Antiretroviral Price Reductions &#8211; 17th Edition, 2014","https://marketbookshelf.com/publications/untangling-web-antiretroviral-price-reductions-2014/"
"Managing the effect of TRIPS on availability of priority vaccines","https://marketbookshelf.com/publications/881/"
"Handbook for Research on the Family Planning Market. Volume 1: Using Data to Inform a Total Market Approach to Family Planning","https://marketbookshelf.com/publications/handbook-research-family-planning-market-volume-1-using-data-inform-total-market-approach-family-planning/"
"Road-Mapping a Total Market Approach for Family Planning and Reproductive Health Commodity Security: Workshop Materials","https://marketbookshelf.com/publications/road-mapping-total-market-approach-family-planning-reproductive-health-commodity-security-workshop-materials-2/"
"Mapping and Realigning Incentives in the Global Health Supply Chain","https://marketbookshelf.com/publications/mapping-realigning-incentives-global-health-supply-chain/"
"Making Markets for Vaccines: Ideas to action","https://marketbookshelf.com/publications/making-markets-vaccines-ideas-action/"
"Lessons learned in shaping vaccine markets in low-income countries: a review of the vaccine market segment supported by the GAVI alliance","https://marketbookshelf.com/publications/lessons-learned-shaping-vaccine-markets-low-income-countries-review-vaccine-market-segment-supported-gavi-alliance/"
"Tuberculosis Diagnostic Technology Landscape Semi-Annual Update &#8211; 2012","https://marketbookshelf.com/publications/tuberculosis-diagnostic-technology-landscape-semi-annual-update-2012/"
"Market Shaping Strategy:  Voluntary Pooled Procurement","https://marketbookshelf.com/publications/market-shaping-strategy-voluntary-pooled-procurement/"
"Tuberculosis Diagnostic Technology Landscape &#8211; 2012","https://marketbookshelf.com/publications/tuberculosis-diagnostic-technology-landscape-2012/"
"Tuberculosis Diagnostics Technology and Market Landscape &#8211; 2nd edition, 2013","https://marketbookshelf.com/publications/tuberculosis-diagnostics-technology-market-landscape-2nd-edition-2013/"
"Tuberculosis Medicines Technology Landscape &#8211; 2012","https://marketbookshelf.com/publications/tuberculosis-medicines-technology-landscape-2012/"
"HIV Preventives Technology and Market Landscape &#8211; 1st Edition, 2013","https://marketbookshelf.com/publications/hiv-preventives-technology-market-landscape-1st-edition-2013/"
"Quality of Reproductive Health Medicines Programme","https://marketbookshelf.com/publications/quality-reproductive-health-medicines-programme/"
"Advance market commitment for pneumococcal vaccines: putting theory into practice","https://marketbookshelf.com/publications/advance-market-commitment-pneumococcal-vaccines-putting-theory-practice/"
"HIV/AIDS Diagnostics Technology Landscape &#8211; Semi-Annual Update, 2012","https://marketbookshelf.com/publications/hivaids-diagnostics-technology-landscape-semi-annual-update-2012/"
"HIV/AIDS Diagnostic Technology Landscape &#8211; 2nd Edition, 2012","https://marketbookshelf.com/publications/hivaids-diagnostic-technology-landscape-2nd-edition-2012/"
"Access staging tool for subcutaneous DMPA: Identify your country’s stage","https://marketbookshelf.com/publications/access-staging-tool-subcutaneous-dmpa-identify-countrys-stage/"
"Key actions for advocates to advance subcutaneous DMPA","https://marketbookshelf.com/publications/key-actions-advocates-advance-subcutaneous-dmpa/"
"Important policies for advancing access to subcutaneous DMPA","https://marketbookshelf.com/publications/important-policies-advancing-access-subcutaneous-dmpa/"
"Increasing access to subcutaneous DMPA in Uganda: An advocacy case study","https://marketbookshelf.com/publications/increasing-access-subcutaneous-dmpa-uganda-advocacy-case-study/"
"DMPA and HIV: What advocates need to know","https://marketbookshelf.com/publications/dmpa-hiv-advocates-need-know/"
"Messaging points on subcutaneous DMPA","https://marketbookshelf.com/publications/messaging-points-subcutaneous-dmpa/"
"Tips for engaging traditional and social media for advocacy on subcutaneous DMPA","https://marketbookshelf.com/publications/tips-engaging-traditional-social-media-advocacy-subcutaneous-dmpa/"
"Common terms for DMPA injectable contraception","https://marketbookshelf.com/publications/common-terms-dmpa-injectable-contraception/"
"An overview of subcutaneous DMPA: A new type of injectable contraception that expands access and options","https://marketbookshelf.com/publications/overview-subcutaneous-dmpa-new-type-injectable-contraception-expands-access-options/"
"Evidence at-a-glance: What we know about subcutaneous DMPA, a new type of injectable contraception","https://marketbookshelf.com/publications/evidence-glance-know-subcutaneous-dmpa-new-type-injectable-contraception/"
"Resources: A list of references about subcutaneous DMPA (companion to “Evidence at-a-glance”)","https://marketbookshelf.com/publications/resources-list-references-subcutaneous-dmpa-companion-evidence-glance/"
"Subcutaneous DMPA key facts: Answering questions and dispelling common myths about a new type of injectable contraception","https://marketbookshelf.com/publications/subcutaneous-dmpa-key-facts-answering-questions-dispelling-common-myths-new-type-injectable-contraception/"
"Policy brief template: A groundbreaking opportunity to increase contraceptive access and options in [country name]","https://marketbookshelf.com/publications/policy-brief-template-groundbreaking-opportunity-increase-contraceptive-access-options-country-name/"
"Public-Private Partnerships for Family Planning: Case Studies on Local Participation","https://marketbookshelf.com/publications/public-private-partnerships-family-planning-case-studies-local-participation/"
"Voluntary Medical Male Circumcision for HIV Prevention in Malawi: Modeling the Impact and Cost of Focusing the Program by Client Age and Geography","https://marketbookshelf.com/publications/voluntary-medical-male-circumcision-hiv-prevention-malawi-modeling-impact-cost-focusing-program-client-age-geography/"
"How can we ‘end malaria for good’ if we cannot identify it?","https://marketbookshelf.com/publications/can-end-malaria-good-cannot-identify/"
"How can we leverage partnerships to advocate for access to lifesaving commodities?","https://marketbookshelf.com/publications/can-leverage-partnerships-advocate-access-lifesaving-commodities/"
"Improving health through market-based approaches in India","https://marketbookshelf.com/publications/improving-health-market-based-approaches-india/"
"Direct Sales Agent Models in Health","https://marketbookshelf.com/publications/direct-sales-agent-models-health/"
"Ability and willingness to pay for family planning in Vietnam","https://marketbookshelf.com/publications/ability-willingness-pay-family-planning-vietnam/"
"A Market-Based Approach to Child Nutrition: Mothers’ Demand for Quality Certification of Infant Foods in Bamako, Mali","https://marketbookshelf.com/publications/market-based-approach-child-nutrition-mothers-demand-quality-certification-infant-foods-bamako-mali/"
"Registration and Distribution of Oxytocin in Uniject in Mali","https://marketbookshelf.com/publications/registration-distribution-oxytocin-uniject-mali/"
"Demand generation activities and modern contraceptive use in urban areas of four countries: a longitudinal evaluation","https://marketbookshelf.com/publications/demand-generation-activities-modern-contraceptive-use-urban-areas-four-countries-longitudinal-evaluation/"
"Women’s Limited Choice and Availability of Modern Contraception at Retail Outlets and Public-Sector Facilities in Luanda, Angola, 2012–2015","https://marketbookshelf.com/publications/womens-limited-choice-availability-modern-contraception-retail-outlets-public-sector-facilities-luanda-angola-2012-2015/"
"Local markets for global health technologies: lessons learned from advancing 6 new products","https://marketbookshelf.com/publications/local-markets-global-health-technologies-lessons-learned-advancing-6-new-products/"
"Establishing and Scaling-Up Clinical Social Franchise Networks: Lessons Learned From Marie Stopes International and Population Services Internationa","https://marketbookshelf.com/publications/establishing-scaling-clinical-social-franchise-networks-lessons-learned-marie-stopes-international-population-services-internationa/"
"Family Planning Supply Environment in Kinshasa, DRC: Survey Findings and Their Value in Advancing Family Planning Programming","https://marketbookshelf.com/publications/family-planning-supply-environment-kinshasa-drc-survey-findings-value-advancing-family-planning-programming/"
"Shaping the Family Planning Market by Strengthening the Public Sector","https://marketbookshelf.com/publications/shaping-family-planning-market-strengthening-public-sector/"
"Developing Family Planning Markets in Francophone West Africa","https://marketbookshelf.com/publications/developing-family-planning-markets-francophone-west-africa/"
"Towards subsidized malaria rapid diagnostic tests. Lessons learned from programmes to subsidise artemisinin-based combination therapies in the private sector: a review","https://marketbookshelf.com/publications/towards-subsidized-malaria-rapid-diagnostic-tests-lessons-learned-programmes-subsidise-artemisinin-based-combination-therapies-private-sector-review/"
"What Happened To The Malaria Market In Tanzania After The AMFM?","https://marketbookshelf.com/publications/happened-malaria-market-tanzania-amfm/"
"What Happened to the Malaria Market in Nigeria After AMFM?","https://marketbookshelf.com/publications/happened-malaria-market-nigeria-amfm/"
"Malaria Testing and Treatment Markets on the Thai-Myanmar and Thai-Cambodia Borders","https://marketbookshelf.com/publications/malaria-testing-treatment-markets-thai-myanmar-thai-cambodia-borders/"
"The Malaria Testing and Treatment Landscape in Benin","https://marketbookshelf.com/publications/malaria-testing-treatment-landscape-benin/"
"The Public Private Mix Program and Antimalarial and Malaria Rapid Diagnostic Test Availability and Market Share in the Southern Lao PDR Private Sector","https://marketbookshelf.com/publications/public-private-mix-program-antimalarial-malaria-rapid-diagnostic-test-availability-market-share-southern-lao-pdr-private-sector/"
"Antimalarial Market Improvements in Cambodia from 2009 to 2015","https://marketbookshelf.com/publications/antimalarial-market-improvements-cambodia-2009-2015/"
"The effectiveness of social marketing in global health: a systematic review","https://marketbookshelf.com/publications/effectiveness-social-marketing-global-health-systematic-review/"
"Private Sector Readiness and Performance for Malaria Case Management in Uganda","https://marketbookshelf.com/publications/private-sector-readiness-performance-malaria-case-management-uganda/"
"Diabetes in Pregnancy in Nicaragua: Insights and Lessons from the Pan American Social Marketing Organization’s (PASMO) Gestational Diabetes Project","https://marketbookshelf.com/publications/diabetes-pregnancy-nicaragua-insights-lessons-pan-american-social-marketing-organizations-pasmo-gestational-diabetes-project/"
"Expanded Social Marketing Project in Nigeria (ESMPIN): Policy Briefs","https://marketbookshelf.com/publications/expanded-social-marketing-project-nigeria-esmpin-policy-briefs/"
"A Review of Social Franchising Innovations at PSI: 2017","https://marketbookshelf.com/publications/review-social-franchising-innovations-psi-2017/"
"Who continues to stock oral artemisinin monotherapy? Results of a provider survey in Myanmar","https://marketbookshelf.com/publications/continues-stock-oral-artemisinin-monotherapy-results-provider-survey-myanmar/"
"Evaluating the impact of social franchising on family planning use in Kenya","https://marketbookshelf.com/publications/evaluating-impact-social-franchising-family-planning-use-kenya/"
"Market-based Approaches to Sanitation","https://marketbookshelf.com/publications/market-based-approaches-sanitation/"
"Applying a Total Market Lens: Increasing IUD Service Delivery in 4 PSI Countries","https://marketbookshelf.com/publications/applying-total-market-lens-increasing-iud-service-delivery-4-psi-countries/"
"Leveraging the Power of Markets for Family Planning Services: A Look at PSI/Malawi’s Approach to Social Franchising","https://marketbookshelf.com/publications/leveraging-power-markets-family-planning-services-look-psimalawis-approach-social-franchising/"
"SanMark Study to Assess Demand and Supply Chain Barriers among Rural Communities in Three Provinces in Central Vietnam","https://marketbookshelf.com/publications/sanmark-study-assess-demand-supply-chain-barriers-among-rural-communities-three-provinces-central-vietnam/"
"Learning from Bihar, India: An evolutionary process and the impact of a market development program to create a functioning sanitation market","https://marketbookshelf.com/publications/learning-bihar-india-evolutionary-process-impact-market-development-program-create-functioning-sanitation-market/"
"Motivating Community Based Mobilizers for Generating Demand for Family Planning Services in Nepal","https://marketbookshelf.com/publications/motivating-community-based-mobilizers-generating-demand-family-planning-services-nepal/"
"Market trends for malaria blood testing in sub-Saharan Africa, 2009-2014","https://marketbookshelf.com/publications/market-trends-malaria-blood-testing-sub-saharan-africa-2009-2014/"
"SP availability and (mis) use in sub-Saharan Africa: Antimalarial market data from 8 countries","https://marketbookshelf.com/publications/sp-availability-mis-use-sub-saharan-africa-antimalarial-market-data-8-countries/"
"Efficiently Identifying and Addressing Market Failures in Urban Sanitation in West Africa","https://marketbookshelf.com/publications/efficiently-identifying-addressing-market-failures-urban-sanitation-west-africa/"
"Safe Water: A Market-Based Approach","https://marketbookshelf.com/publications/safe-water-market-based-approach/"
"Market sizing estimates for neonatal resuscitation equipment","https://marketbookshelf.com/publications/market-sizing-estimates-neonatal-resuscitation-equipment/"
"Making markets work for HIV prevention: The Total Market Approach for condom security in Vietnam","https://marketbookshelf.com/publications/making-markets-work-hiv-prevention-total-market-approach-condom-security-vietnam/"
"Understanding Consumers and the Market for Household Water Treatment Products in Cambodia","https://marketbookshelf.com/publications/understanding-consumers-market-household-water-treatment-products-cambodia/"
"Forecast Report: Freeze-Safe Vaccine Carriers Modeling the Potential Global Market","https://marketbookshelf.com/publications/forecast-report-freeze-safe-vaccine-carriers-modeling-potential-global-market/"
"Introducing V Condom to South Africa: Expanding the female condom market","https://marketbookshelf.com/publications/introducing-v-condom-south-africa-expanding-female-condom-market/"
"Market Assessment of Household Water Treatment Products in Eight African Countries","https://marketbookshelf.com/publications/market-assessment-household-water-treatment-products-eight-african-countries/"
"Market Opportunities: How Washington Businesses Can Engage with the Global Health Sector","https://marketbookshelf.com/publications/market-opportunities-washington-businesses-can-engage-global-health-sector/"
"PATH Safe Water Project’s Monitoring and Evaluation Framework: Testing market-based solutions in four countries","https://marketbookshelf.com/publications/path-safe-water-projects-monitoring-evaluation-framework-testing-market-based-solutions-four-countries/"
"Developing sustainable markets for the Woman’s Condom","https://marketbookshelf.com/publications/developing-sustainable-markets-womans-condom/"
"Maternal Immunization: Country Priorities and Market Requirements","https://marketbookshelf.com/publications/maternal-immunization-country-priorities-market-requirements/"
"Ultra Rice Technology: Expanding Markets for Fortified Rice","https://marketbookshelf.com/publications/ultra-rice-technology-expanding-markets-fortified-rice/"
"Markets matter: Improving access to livesaving maternal health products","https://marketbookshelf.com/publications/markets-matter-improving-access-livesaving-maternal-health-products/"
"Indian generics producers, access to essential medicines and local production in Africa: an argument with reference to Tanzania","https://marketbookshelf.com/publications/indian-generics-producers-access-essential-medicines-local-production-africa-argument-reference-tanzania/"
"Providing affordable essential medicines to African households: The missing policies and institutions for price containment","https://marketbookshelf.com/publications/providing-affordable-essential-medicines-african-households-missing-policies-institutions-price-containment/"
"Promoting and Prioritising Reproductive Health Commodities: Understanding the Emergency Contraception Value Chain in South Africa","https://marketbookshelf.com/publications/promoting-prioritising-reproductive-health-commodities-understanding-emergency-contraception-value-chain-south-africa/"
"Equity monitoring for social marketing: use of wealth quintiles and the concentration index for decision making in HIV prevention, family planning, and malaria programs","https://marketbookshelf.com/publications/equity-monitoring-social-marketing-use-wealth-quintiles-concentration-index-decision-making-hiv-prevention-family-planning-malaria-programs/"
"Introducing the Progesterone Contraceptive Vaginal Ring in Sub-Saharan Africa","https://marketbookshelf.com/publications/introducing-progesterone-contraceptive-vaginal-ring-sub-saharan-africa/"
"How to sell a condom? The impact of demand creation tools on male and female condom sales in resource limited settings","https://marketbookshelf.com/publications/sell-condom-impact-demand-creation-tools-male-female-condom-sales-resource-limited-settings/"
"Using and Joining a Franchised Private Sector Provider Network in Myanmar","https://marketbookshelf.com/publications/using-joining-franchised-private-sector-provider-network-myanmar/"
"Health sector reform and public-private partnerships for health in Asia: Implications for sexual and reproductive health services","https://marketbookshelf.com/publications/health-sector-reform-public-private-partnerships-health-asia-implications-sexual-reproductive-health-services/"
"Ends versus means: the role of markets in expanding access to contraceptives","https://marketbookshelf.com/publications/ends-versus-means-role-markets-expanding-access-contraceptives/"
"Trends and Opportunities in Public-private Partnerships to Improve Health Service Delivery in Africa","https://marketbookshelf.com/publications/trends-opportunities-public-private-partnerships-improve-health-service-delivery-africa/"
"Who, What, Where: an analysis of private sector family planning provision in 57 low- and middle-income countries","https://marketbookshelf.com/publications/analysis-private-sector-family-planning-provision-57-low-middle-income-countries/"
"An Economic Assessment of the Relationship between Price Regulation and Incentives to Innovate in the Pharmaceutical Industry","https://marketbookshelf.com/publications/economic-assessment-relationship-price-regulation-incentives-innovate-pharmaceutical-industry/"
"Utilization of Cu-T in Paschim Midnapur district of West Bengal, India: An appraisal","https://marketbookshelf.com/publications/utilization-cu-t-paschim-midnapur-district-west-bengal-india-appraisal/"
"Strategic Pathway to Reproductive Health Commodity Security: A Tool for Assessment, Planning, and Implementation","https://marketbookshelf.com/publications/strategic-pathway-reproductive-health-commodity-security-tool-assessment-planning-implementation/"
"Legislation, regulation, and consolidation in the retail pharmacy sector in low-income countries","https://marketbookshelf.com/publications/legislation-regulation-consolidation-retail-pharmacy-sector-low-income-countries/"
"Adding It Up: The costs and benefits of investing in family planning and maternal and newborn health","https://marketbookshelf.com/publications/adding-costs-benefits-investing-family-planning-maternal-newborn-health/"
"New emergency contraceptive method ellaOne ® – is it worth the price?","https://marketbookshelf.com/publications/new-emergency-contraceptive-method-ellaone-worth-price/"
"Privatisation in reproductive health services in Pakistan: three case studies","https://marketbookshelf.com/publications/privatisation-reproductive-health-services-pakistan-three-case-studies/"
"The Global Health Licensing Program: A New Model for Humanitarian Licensing at the University Level","https://marketbookshelf.com/publications/global-health-licensing-program-new-model-humanitarian-licensing-university-level/"
"Utilization of HIV-related services from the private health sector: a multi-country analysis","https://marketbookshelf.com/publications/utilization-hiv-related-services-private-health-sector-multi-country-analysis/"
"Can developing countries achieve adequate improvements in child health outcomes without engaging the private sector?","https://marketbookshelf.com/publications/can-developing-countries-achieve-adequate-improvements-child-health-outcomes-without-engaging-private-sector/"
"Clinical Social Franchising Compendium, An annual survey of programs: findings from 2015","https://marketbookshelf.com/publications/clinical-social-franchising-compendium-annual-survey-programs-findings-2015/"
"Social Franchising to Improve Quality and Access in Private Health Care in Developing Countries","https://marketbookshelf.com/publications/social-franchising-improve-quality-access-private-health-care-developing-countries/"
"The impact of a novel franchise clinic network on access to medicines and vaccinations in Kenya: a cross-sectional study","https://marketbookshelf.com/publications/impact-novel-franchise-clinic-network-access-medicines-vaccinations-kenya-cross-sectional-study/"
"Revitalizing long-acting reversible contraceptives in settings with high unmet need: a multicountry experience matching demand creation and service delivery","https://marketbookshelf.com/publications/revitalizing-long-acting-reversible-contraceptives-settings-high-unmet-need-multicountry-experience-matching-demand-creation-service-delivery/"
"Pharmaceutical Supply Chain in Africa &#8211; Presentations","https://marketbookshelf.com/publications/pharmaceutical-supply-chain-africa-presentations/"
"Supply Chain Optimisation in Africa’s Private Sector: Reducing the Price to Patient","https://marketbookshelf.com/publications/supply-chain-optimisation-africas-private-sector-reducing-price-patient/"
"Africa: A ripe opportunity Understanding the pharmaceutical market opportunity and developing sustainable business models in Africa","https://marketbookshelf.com/publications/africa-ripe-opportunity-understanding-pharmaceutical-market-opportunity-developing-sustainable-business-models-africa/"
"Measuring the Total Condom Market in the Caribbean: Insights and Findings from the CARISMA programme","https://marketbookshelf.com/publications/measuring-total-condom-market-caribbean-insights-findings-carisma-programme/"
"Do changes to supply chain and procurement processes yield cost savings and improve availability of pharmaceuticals, vaccines or health products? A systematic review of evidence from low-income and middle-income countries","https://marketbookshelf.com/publications/changes-supply-chain-procurement-processes-yield-cost-savings-improve-availability-pharmaceuticals-vaccines-health-products-systematic-review-evidence-low-income-mi/"
"Improving access to pharmaceuticals in Brazil and Argentina","https://marketbookshelf.com/publications/improving-access-pharmaceuticals-brazil-argentina/"
"Group purchasing of pharmaceuticals and medical supplies by the Gulf Cooperation Council states","https://marketbookshelf.com/publications/group-purchasing-pharmaceuticals-medical-supplies-gulf-cooperation-council-states/"
"Retrospective Analysis of Volume Guarantees in the Pentavalent and Rotavirus Vaccine Markets","https://marketbookshelf.com/publications/retrospective-analysis-volume-guarantees-pentavalent-rotavirus-vaccine-markets/"
"Global Forecasting for ACTs","https://marketbookshelf.com/publications/global-forecasting-acts/"
"Evolution of the Global Donor Market for Male Condoms","https://marketbookshelf.com/publications/evolution-global-donor-market-male-condoms/"
"Chlorhexidine in Nepal: A Public‐Private Partnership Case Study","https://marketbookshelf.com/publications/chlorhexidine-nepal-public%e2%80%90private-partnership-case-study/"
"Retrospective Analysis of ORS and Zinc Market Shaping Efforts","https://marketbookshelf.com/publications/retrospective-analysis-ors-zinc-market-shaping-efforts/"
"Pooled Procurement in the Vaccine Market: UNICEF&#8217;s Experience","https://marketbookshelf.com/publications/pooled-procurement-vaccine-market-unicefs-experience/"
"Increasing Same-Day Access to FP through Available, Affordable Pregnancy Tests: Final Detailed Report of SHOPS Plus Market Shaping Analysis in 5 Countries","https://marketbookshelf.com/publications/increasing-day-access-fp-available-affordable-pregnancy-tests-final-detailed-report-shops-plus-market-shaping-analysis-5-countries/"
"Private Shops & Pharmacies as Providers of Family Planning","https://marketbookshelf.com/publications/private-shops-pharmacies-providers-family-planning/"
"Final performance evaluation of USAID/Madagascar integrated social marketing program","https://marketbookshelf.com/publications/final-performance-evaluation-usaidmadagascar-integrated-social-marketing-program/"
"Midterm performance evaluation of the Bangladesh marketing innovations for health project","https://marketbookshelf.com/publications/midterm-performance-evaluation-bangladesh-marketing-innovations-health-project/"
"Enhancing Family Planning Market Knowledge","https://marketbookshelf.com/publications/enhancing-family-planning-market-knowledge/"
"HIV/AIDS Condom Social Marketing Program Dominican Republic Annual Report Oct. 2015-Sept. 2015","https://marketbookshelf.com/publications/hivaids-condom-social-marketing-program-dominican-republic-annual-report-oct-2015-sept-2015/"
"End-of-project Evaluation of the PSI Social Marketing Project in Madagascar","https://marketbookshelf.com/publications/end-project-evaluation-psi-social-marketing-project-madagascar/"
"Russia Reproductive Health Market Assessment","https://marketbookshelf.com/publications/russia-reproductive-health-market-assessment/"
"USAID Social Marketing for HIV Prevention Project: FY13 Annual Report","https://marketbookshelf.com/publications/usaid-social-marketing-hiv-prevention-project-fy13-annual-report/"
"Market-based Partnerships for Health Annual Progress Report: Year 3","https://marketbookshelf.com/publications/market-based-partnerships-health-annual-progress-report-year-3/"
"Assessment of the Pregnancy Test Market in Zambia","https://marketbookshelf.com/publications/assessment-pregnancy-test-market-zambia/"
"Assessment of the Pregnancy Test Market in India","https://marketbookshelf.com/publications/assessment-pregnancy-test-market-india/"
"Assessment of the Pregnancy Test Market in Kenya","https://marketbookshelf.com/publications/assessment-pregnancy-test-market-kenya/"
"Assessment of the Pregnancy Test Market in Madagascar","https://marketbookshelf.com/publications/assessment-pregnancy-test-market-madagascar/"
"Assessment of the Pregnancy Test Market in Malawi","https://marketbookshelf.com/publications/assessment-pregnancy-test-market-malawi/"
"Family Planning Market Segmentation in Jordan: An Analysis of the Family Planning Market in Jordan to Develop an Effective and Evidence-Based Strategic Plan for Attaining Contraceptive Security","https://marketbookshelf.com/publications/family-planning-market-segmentation-jordan-analysis-family-planning-market-jordan-develop-effective-evidence-based-strategic-plan-attaining-contraceptive-security/"
"A Trend Analysis of the Family Planning Market in Jordan: Informing Policy and Program Planning","https://marketbookshelf.com/publications/trend-analysis-family-planning-market-jordan-informing-policy-program-planning/"
"Evaluation of the Reach and Effect of the IUD Social Marketing Campaign, Wave 1","https://marketbookshelf.com/publications/evaluation-reach-effect-iud-social-marketing-campaign-wave-1/"
"Evaluation of the Reach and Effect of the IUD Social Marketing Campaign, Wave 2","https://marketbookshelf.com/publications/evaluation-reach-effect-iud-social-marketing-campaign-wave-2/"
"End of Project Review of “Social Marketing and Targeted Communications for HIV and AIDS Prevention Among Most–at–Risk Populations in Burma, China, Lao, and Thailand” October 2007–September 2010","https://marketbookshelf.com/publications/end-project-review-social-marketing-targeted-communications-hiv-aids-prevention-among-risk-populations-burma-china-lao-thailand-oc/"
"Will Small and Medium Enterprises Provide HIV/AIDS Services to Employees? An Analysis of Market Demand","https://marketbookshelf.com/publications/will-small-medium-enterprises-provide-hivaids-services-employees-analysis-market-demand/"
"Maternal and Child Health Integrated Program Mozambique: Final Report of Social Marketing Award to PSI: March 2010 through June 2011","https://marketbookshelf.com/publications/maternal-child-health-integrated-program-mozambique-final-report-social-marketing-award-psi-march-2010-june-2011/"
"Market Research Needs Assessment: Understanding Health Care Improvement Information Needs of Key Stakeholders in the Uganda Health System","https://marketbookshelf.com/publications/market-research-needs-assessment-understanding-health-care-improvement-information-needs-key-stakeholders-uganda-health-system/"
"Technical Report: Assessment of the Availability of Antimalarial Medicines in the Public and Private Markets in Countries of the Amazon Basin","https://marketbookshelf.com/publications/technical-report-assessment-availability-antimalarial-medicines-public-private-markets-countries-amazon-basin/"
"Post Market Survey of Antiretroviral Medicines in Kenya","https://marketbookshelf.com/publications/post-market-survey-antiretroviral-medicines-kenya/"
"Post-Market Quality Surveillance Project: Maternal Healthcare Products (Oxytocin and Ergometrine) on the Ghanaian Market","https://marketbookshelf.com/publications/post-market-quality-surveillance-project-maternal-healthcare-products-oxytocin-ergometrine-ghanaian-market/"
"Report on Post-Market Surveillance of First Line Anti-Tuberculosis Medicines in Kenya","https://marketbookshelf.com/publications/report-post-market-surveillance-first-line-anti-tuberculosis-medicines-kenya/"
"Evaluation of USAID/Nepal&#8217;s Key Social Marketing and Franchising Project: AIDS, Reproductive Health, and Child Survival (N-MARC)","https://marketbookshelf.com/publications/evaluation-usaidnepals-key-social-marketing-franchising-project-aids-reproductive-health-child-survival-n-marc/"
"Saathi Bachpan Ke (Friends of Childhood) Program: Defeating diarrhea in 3 simple ways, through a Market-based Alliance for Child Health & Hygiene","https://marketbookshelf.com/publications/saathi-bachpan-ke-friends-childhood-program-defeating-diarrhea-3-simple-ways-market-based-alliance-child-health-hygiene/"
"Market-Based Partnerships for Health Annual Progress Report: Year 2","https://marketbookshelf.com/publications/market-based-partnerships-health-annual-progress-report-year-2/"
"Market-Based Partnerships in Health (MBPH): Final Evaluation USAID/India","https://marketbookshelf.com/publications/market-based-partnerships-health-mbph-final-evaluation-usaidindia/"
"Tanzania Marketing and Communications (T-MARC) Project for HIV/AIDS, Reproductive Health and Child Survival: Annual Report Year 4","https://marketbookshelf.com/publications/tanzania-marketing-communications-t-marc-project-hivaids-reproductive-health-child-survival-annual-report-year-4/"
"The Unfinished Agenda: Next Steps to Increase Access to Emergency Contraception","https://marketbookshelf.com/publications/unfinished-agenda-next-steps-increase-access-emergency-contraception/"
"WHO Diagnostics Prequalification Project (DxPQ) and WHO Medicines Prequalification Project (MPQ) Mid-Term Evaluation","https://marketbookshelf.com/publications/diagnostics-prequalification-project-dxpq-medicines-prequalification-project-mpq-mid-term-evaluation/"
"Market and Technology Landscape: HIV Rapid Diagnostic Tests for Self-Testing, 3rd Edition","https://marketbookshelf.com/publications/market-technology-landscape-hiv-rapid-diagnostic-tests-self-testing-3rd-edition/"
"Global Alliance for TB drug development (TB Alliance) Speeding Treatments to End Paediatric Tuberculosis (STEP-TB) End of Project Evaluation","https://marketbookshelf.com/publications/global-alliance-tb-drug-development-tb-alliance-speeding-treatments-end-paediatric-tuberculosis-step-tb-end-project-evaluation/"
"Unitaid project evaluation: Achieving Catalytic Expansion of Seasonal Malaria Chemoprevention in the Sahel (ACCESS-SMC)","https://marketbookshelf.com/publications/unitaid-project-evaluation-achieving-catalytic-expansion-seasonal-malaria-chemoprevention-sahel-access-smc/"
"Forecast Report: Global Malaria Diagnostic and Artemisinin Treatment Commodities Forecast 2017-2020","https://marketbookshelf.com/publications/forecast-report-global-malaria-diagnostic-artemisinin-treatment-commodities-forecast-2017-2020/"
"Policy Brief: Global Malaria Diagnostic and Artemisinin Treatment Commodities Demand Forecast 2017-2020","https://marketbookshelf.com/publications/policy-brief-global-malaria-diagnostic-artemisinin-treatment-commodities-demand-forecast-2017-2020/"
"Tuberculosis Diagnostics Technology Landscape &#8211; 5th Edition","https://marketbookshelf.com/publications/tuberculosis-diagnostics-technology-landscape-5th-edition/"
"Re-envisioning Maternal and Child Health in Indonesia: How the Private Sector and Civil Society Can Ignite Change","https://marketbookshelf.com/publications/re-envisioning-maternal-child-health-indonesia-private-sector-civil-society-can-ignite-change/"
"Assessing Program Coverage of Two Approaches to Distributing a Complementary Feeding Supplement to Infants and Young Children in Ghana","https://marketbookshelf.com/publications/assessing-program-coverage-two-approaches-distributing-complementary-feeding-supplement-infants-young-children-ghana/"
"&#8220;Yahi Hai Sahi!&#8221; Growing the Condom Market in North India through the Private Sector","https://marketbookshelf.com/publications/yahi-hai-sahi-growing-condom-market-north-india-private-sector/"
"When Donor Support Ends: The Fate of Social Marketing Products and the Markets they Help Create","https://marketbookshelf.com/publications/donor-support-ends-fate-social-marketing-products-markets-help-create/"
"Scale-Up of Routine Viral Load Testing in Resource-Poor Settings: Current and Future Implementation Challenges","https://marketbookshelf.com/publications/scale-routine-viral-load-testing-resource-poor-settings-current-future-implementation-challenges/"
"Coverage of private sector community midwife services in rural Pubjab, Pakistan: development and demand","https://marketbookshelf.com/publications/coverage-private-sector-community-midwife-services-rural-pubjab-pakistan-development-demand/"
"TwoDay Method® Market Research: Report on IRH Experience, Evidence, and Recommendations; and Interviews with Stakeholders, Donors, and Possible Future Collaborators","https://marketbookshelf.com/publications/twoday-method-market-research-report-irh-experience-evidence-recommendations-interviews-stakeholders-donors-possible-future-collaborators/"
"Do anti-malarials in Africa meet quality standards? The market penetration of non quality-assured artemisinin combination therapy in eight African countries","https://marketbookshelf.com/publications/anti-malarials-africa-meet-quality-standards-market-penetration-non-quality-assured-artemisinin-combination-therapy-eight-african-countries/"
"Investing for Impact: Capitalizing on the emerging landscape for global health financing","https://marketbookshelf.com/publications/investing-impact-capitalizing-emerging-landscape-global-health-financing/"
"Quality and Performance Guidance on Selection of Pregnancy Tests for Procurement","https://marketbookshelf.com/publications/quality-performance-guidance-selection-pregnancy-tests-procurement/"
"Improved Childhood Diarrhea Treatment Practices in Ghana: A Pre-Post Evaluation of a Comprehensive Private-Sector Program","https://marketbookshelf.com/publications/improved-childhood-diarrhea-treatment-practices-ghana-pre-post-evaluation-comprehensive-private-sector-program/"
"Community Health Workers as Social Marketers of Injectable Contraceptives: A Case Study from Ethiopia","https://marketbookshelf.com/publications/community-health-workers-social-marketers-injectable-contraceptives-case-study-ethiopia/"
"Global Marketplace for Private Health Insurance: Strength in Numbers","https://marketbookshelf.com/publications/global-marketplace-private-health-insurance-strength-numbers/"
"Predictions 2035: The Role of Performance Based Financing in Future Supply Chains in Developing Countries","https://marketbookshelf.com/publications/predictions-2035-role-performance-based-financing-future-supply-chains-developing-countries/"
"Success Story: Public Private Partnership Creates Sustainable Improvements","https://marketbookshelf.com/publications/success-story-public-private-partnership-creates-sustainable-improvements/"
"Understanding Client Preferences to Guide the Prioritization of Interventions for Increasing Demand at NGO Health Service Delivery Project (NHSDP) Clinics in Bangladesh","https://marketbookshelf.com/publications/understanding-client-preferences-guide-prioritization-interventions-increasing-demand-ngo-health-service-delivery-project-nhsdp-clinics-bangladesh/"
"Performance Evaluation of USAID/Uganda AFFORD &#8211; Health Marketing Initiative Project Evaluation: Improving the Lives of Ugandans","https://marketbookshelf.com/publications/performance-evaluation-usaiduganda-afford-health-marketing-initiative-project-evaluation-improving-lives-ugandans/"
"End-of-Project Evaluation of APHIAplus Health Communication and Marketing Program","https://marketbookshelf.com/publications/end-project-evaluation-aphiaplus-health-communication-marketing-program/"
"The Private Sector: Key to Reaching Young People with Contraception","https://marketbookshelf.com/publications/private-sector-key-reaching-young-people-contraception/"
"Changes in Contraceptive Use Dynamics in Egypt: Analysis of the 2008 and 2014 Demographic and Health Surveys","https://marketbookshelf.com/publications/changes-contraceptive-use-dynamics-egypt-analysis-2008-2014-demographic-health-surveys/"
"Phases of Social Marketing: Building the Sustainability of Donor-Supported Programs","https://marketbookshelf.com/publications/phases-social-marketing-building-sustainability-donor-supported-programs/"
"Public-Private Partnerships for Family Planning: Case Studies on Local Participation","https://marketbookshelf.com/publications/public-private-partnerships-family-planning-case-studies-local-participation-2/"
"End of project evaluation of the expanded social marketing project (ESMPIN) in Nigeria","https://marketbookshelf.com/publications/end-project-evaluation-expanded-social-marketing-project-esmpin-nigeria/"
"Family Planning Vouchers in Low and Middle Income Countries: A Systematic Review","https://marketbookshelf.com/publications/family-planning-vouchers-low-middle-income-countries-systematic-review/"
"Achieving the Grand Convergence: a Case for Investing in Family Planning Supplies and Supply Chains","https://marketbookshelf.com/publications/achieving-grand-convergence-case-investing-family-planning-supplies-supply-chains/"
"Vietnam: Strengthening the Total Condom Market","https://marketbookshelf.com/publications/vietnam-strengthening-total-condom-market/"
"Central America (2013): MAP Study evaluating the coverage, quality of coverage, and market penetration of condoms and lubricants in Belize, Guatemala, El Salvador, Nicaragua, Costa Rica, and Panama","https://marketbookshelf.com/publications/central-america-2013-map-study-evaluating-coverage-quality-coverage-market-penetration-condoms-lubricants-belize-guatemala-el-salvador-nicaragua-costa-rica-panama/"
"The HIPS Project: Extending Health Care Through the Private Sector in Uganda","https://marketbookshelf.com/publications/hips-project-extending-health-care-private-sector-uganda/"
"Strengthening Health Systems by Engaging the Private Health Sector: Promising HIV/AIDS Partnerships","https://marketbookshelf.com/publications/strengthening-health-systems-engaging-private-health-sector-promising-hivaids-partnerships/"
"Evidence Brief: Partnering with the private sector to strengthen provision of contraception","https://marketbookshelf.com/publications/evidence-brief-partnering-private-sector-strengthen-provision-contraception/"
"Projected Uptake of New Antiretroviral (ARV) Medicines in Adults in Low- and Middle-Income Countries: A Forecast Analysis 2015-2025","https://marketbookshelf.com/publications/projected-uptake-new-antiretroviral-arv-medicines-adults-low-middle-income-countries-forecast-analysis-2015-2025/"
"What are the constraints and opportunities for HIVST scale-up in Africa? Evidence from Kenya, Malawi and South Africa","https://marketbookshelf.com/publications/constraints-opportunities-hivst-scale-africa-evidence-kenya-malawi-south-africa/"
"Contraceptive sales in the setting of the Zika virus epidemic","https://marketbookshelf.com/publications/contraceptive-sales-setting-zika-virus-epidemic/"
"Understanding Unpaid Care Work to Empower Women in Market Systems Approaches","https://marketbookshelf.com/publications/understanding-unpaid-care-work-empower-women-market-systems-approaches/"
"Understanding the &#8216;demand side&#8217; in service delivery: Definitions, frameworks and tools from the health sector","https://marketbookshelf.com/publications/understanding-demand-side-service-delivery-definitions-frameworks-tools-health-sector/"
"Mitigating South Africa&#8217;s HIV Epidemic: The Interplay of Social Entrepreneurship and the Innovation System","https://marketbookshelf.com/publications/mitigating-south-africas-hiv-epidemic-interplay-social-entrepreneurship-innovation-system/"
"Assessing the Potential Market for a Progesterone Contraceptive Vaginal Ring (PCVR) as a New Contraceptive Option in Sub-Saharan Africa Using Needs-Based Market Segmentation","https://marketbookshelf.com/publications/assessing-potential-market-progesterone-contraceptive-vaginal-ring-pcvr-new-contraceptive-option-sub-saharan-africa-using-needs-based-market-segmentation/"
"Introducing O&#8217;Lavie Woman&#8217;s Condom to China: Expanding dual protection options","https://marketbookshelf.com/publications/introducing-olavie-womans-condom-china-expanding-dual-protection-options/"
"Bangladesh Health Service Delivery: Innovative NGO and Private Sector Partnerships","https://marketbookshelf.com/publications/bangladesh-health-service-delivery-innovative-ngo-private-sector-partnerships/"
"Production of antiretroviral drugs in middle- and low-income countries","https://marketbookshelf.com/publications/production-antiretroviral-drugs-middle-low-income-countries/"
"Getting closer to people: family planning provision by drug shops in Uganda","https://marketbookshelf.com/publications/getting-closer-people-family-planning-provision-drug-shops-uganda/"
"Intermediaries: The Missing Link in Improving Mixed Market Health Systems?","https://marketbookshelf.com/publications/intermediaries-missing-link-improving-mixed-market-health-systems/"
"The future of multipurpose prevention technology product strategies: understanding the market in parallel with product development","https://marketbookshelf.com/publications/future-multipurpose-prevention-technology-product-strategies-understanding-market-parallel-product-development/"
"Scaling up delivery of contraceptive implants in sub-Saharan Africa: operational experiences of Marie Stopes International","https://marketbookshelf.com/publications/scaling-delivery-contraceptive-implants-sub-saharan-africa-operational-experiences-marie-stopes-international/"
"Investing in Nursing and Midwifery Enterprise: Empowering Women and Strengthening Health Systems","https://marketbookshelf.com/publications/investing-nursing-midwifery-enterprise-empowering-women-strengthening-health-systems/"
"Sustaining Health Market Innovations In Pakistan","https://marketbookshelf.com/publications/sustaining-health-market-innovations-pakistan/"
"Allocating scarce financial resources for HIV treatment: benchmarking prices of antiretroviral medicines in Latin America","https://marketbookshelf.com/publications/allocating-scarce-financial-resources-hiv-treatment-benchmarking-prices-antiretroviral-medicines-latin-america/"
"Creating a More Vibrant Private Health Sector in Malawi","https://marketbookshelf.com/publications/creating-vibrant-private-health-sector-malawi/"
"A review of global access to emergency contraception","https://marketbookshelf.com/publications/review-global-access-emergency-contraception/"
"Optimising the manufacture, formulation, and dose of antiretroviral drugs for more cost-efficient delivery in resource-limited settings: a consensus statement","https://marketbookshelf.com/publications/optimising-manufacture-formulation-dose-antiretroviral-drugs-cost-efficient-delivery-resource-limited-settings-consensus-statement/"
"Review of Procurement Management Capacity of the Social Marketing Company, Bangladesh","https://marketbookshelf.com/publications/review-procurement-management-capacity-social-marketing-company-bangladesh/"
"Ovulation inhibition doses of progestins: a systematic review of the available literature and of marketed preparations worldwide","https://marketbookshelf.com/publications/ovulation-inhibition-doses-progestins-systematic-review-available-literature-marketed-preparations-worldwide/"
"Evaluation of a social marketing intervention promoting oral rehydration salts in Burundi","https://marketbookshelf.com/publications/evaluation-social-marketing-intervention-promoting-oral-rehydration-salts-burundi/"
"A lifeline to treatment: the role of Indian generic manufacturers in supplying antiretroviral medicines to developing countries","https://marketbookshelf.com/publications/lifeline-treatment-role-indian-generic-manufacturers-supplying-antiretroviral-medicines-developing-countries/"
"Impact of Trade-Related Aspects of Intellectual Property Rights (TRIPS) Agreement on India as a Supplier of Generic Antiretrovirals","https://marketbookshelf.com/publications/impact-trade-related-aspects-intellectual-property-rights-trips-agreement-india-supplier-generic-antiretrovirals/"
"Female condom technology: new products and regulatory issues","https://marketbookshelf.com/publications/female-condom-technology-new-products-regulatory-issues/"
"Finding Middle Ground: Making Better Use of the African Private Health Sector through More Effective Regulations","https://marketbookshelf.com/publications/finding-middle-ground-making-better-use-african-private-health-sector-effective-regulations/"
"Guidance on Elements to Consider when Planning for the Integration of Oxytocin into the EPI Cold Chain","https://marketbookshelf.com/publications/guidance-elements-consider-planning-integration-oxytocin-epi-cold-chain/"
"Quantification of Health Commodities: RMNCH Supplement Forecasting Consumption of Select Reproductive, Maternal, Newborn, and Child Health Commodities","https://marketbookshelf.com/publications/quantification-health-commodities-forecasting-consumption-select-reproductive-maternal-newborn-child-health-commodities/"
"DMPA IM Demand Forecasting: Methodologies and Results","https://marketbookshelf.com/publications/dmpa-im-demand-forecasting-methodologies-results/"
"Summary of April 2016 CSP Contraceptive Implant Demand Forecast","https://marketbookshelf.com/publications/summary-april-2016-csp-contraceptive-implant-demand-forecast/"
"Innovative Pro-Poor Healthcare Financing and Delivery Models","https://marketbookshelf.com/publications/innovative-pro-poor-healthcare-financing-delivery-models/"
"Innovations in Privately Delivered Maternal, Newborn and Child Health: Exploring the Evidence Behind Emerging Practices","https://marketbookshelf.com/publications/innovations-privately-delivered-maternal-newborn-child-health-exploring-evidence-behind-emerging-practices/"
"Innovations in Tuberculosis Care: Exploring the Evidence Behind Emerging Practices in Low- and Middle-Income Countries","https://marketbookshelf.com/publications/innovations-tuberculosis-care-exploring-evidence-behind-emerging-practices-low-middle-income-countries/"
"Innovations in Privately Delivered Malaria Healthcare: Exploring the Evidence Behind Emerging Practices","https://marketbookshelf.com/publications/innovations-privately-delivered-malaria-healthcare-exploring-evidence-behind-emerging-practices/"
"Adaptation Framework for Global Exchange of Innovation","https://marketbookshelf.com/publications/adaptation-framework-global-exchange-innovation/"
"Identifying the Active Ingredient: Promoting adaptation and global exchange of innovation","https://marketbookshelf.com/publications/identifying-active-ingredient-promoting-adaptation-global-exchange-innovation/"
"Mobile Money for Health","https://marketbookshelf.com/publications/mobile-money-health/"
"Public-Private Mix (PPM) for TB Care and Control: A Toolkit","https://marketbookshelf.com/publications/public-private-mix-ppm-tb-care-control-toolkit/"
"A Landscape Analysis of Global Attitudes toward the Private Sector in Health Systems and Policy Levers that Influence these Attitudes","https://marketbookshelf.com/publications/landscape-analysis-global-attitudes-toward-private-sector-health-systems-policy-levers-influence-attitudes/"
"Working together with businesses: Guidance on TB and TB/HIV prevention, diagnosis, treatment and care in the workplace","https://marketbookshelf.com/publications/working-together-businesses-guidance-tb-tbhiv-prevention-diagnosis-treatment-care-workplace/"
"How Social Marketing and NGOs are Expanding Access to Emergency Contraception","https://marketbookshelf.com/publications/social-marketing-ngos-expanding-access-emergency-contraception/"
"Donor Support for Emergency Contraception","https://marketbookshelf.com/publications/donor-support-emergency-contraception/"
"Emergency Contraception in National Essential Medicines Lists","https://marketbookshelf.com/publications/emergency-contraception-national-essential-medicines-lists/"
"Emergency Contraceptive Pill Registration Status by Country","https://marketbookshelf.com/publications/emergency-contraceptive-pill-registration-status-country/"
"Condom Landscaping: Botswana Case Study","https://marketbookshelf.com/publications/condom-landscaping-botswana-case-study/"
"Condom Landscaping: Kenya Case Study","https://marketbookshelf.com/publications/condom-landscaping-kenya-case-study/"
"Condom Landscaping: Tanzania Case Study","https://marketbookshelf.com/publications/condom-landscaping-tanzania-case-study/"
"Condom Landscaping: Zambia Case Study","https://marketbookshelf.com/publications/condom-landscaping-zambia-case-study/"
"Condom Landscaping: Zimbabwe Case Study","https://marketbookshelf.com/publications/condom-landscaping-zimbabwe-case-study/"
"The Condom Program Pathway","https://marketbookshelf.com/publications/condom-program-pathway/"
"Improving Condom Access and Sustainability","https://marketbookshelf.com/publications/improving-condom-access-sustainability/"
"Including the Private Sector in the SPHARCS Process: A Companion to The SPHARCS Process Guide","https://marketbookshelf.com/publications/including-private-sector-spharcs-process-companion-spharcs-process-guide/"
"Stronger Health Advocates Greater Health Impacts: Markets Matter Advocacy Guide","https://marketbookshelf.com/publications/stronger-health-advocates-greater-health-impacts-markets-matter-advocacy-guide/"
"2016 Contraceptive Social Marketing Statistics","https://marketbookshelf.com/publications/2016-contraceptive-social-marketing-statistics/"
"The Procurement Planning and Monitoring Report (PPMR): Reducing Contraceptive Stockouts through Increased Data Visibility and Global Coordination","https://marketbookshelf.com/publications/procurement-planning-monitoring-report-ppmr-reducing-contraceptive-stockouts-increased-data-visibility-global-coordination/"
"Family Planning Market Report &#8211; October 2017","https://marketbookshelf.com/publications/family-planning-market-report-october-2017/"
"ARV Market Report: The state of antiretroviral drug market in low- and middle-income countries, 2016-2021","https://marketbookshelf.com/publications/arv-market-report-state-antiretroviral-drug-market-low-middle-income-countries-2016-2021/"
"Shaping Local Markets to Scale-Up Zinc and ORS in Nigeria","https://marketbookshelf.com/publications/shaping-local-markets-scale-zinc-ors-nigeria/"
"CHAI HIV Mid-Year Market Memo, 2017","https://marketbookshelf.com/publications/chai-hiv-mid-year-market-memo-2017/"
"Upscaling Zinc & ORS Usage in India (2012-2016)","https://marketbookshelf.com/publications/upscaling-zinc-ors-usage-india-2012-2016/"
"2016 Antiretroviral (ARV) CHAI Reference Price List","https://marketbookshelf.com/publications/2016-antiretroviral-arv-chai-reference-price-list/"
"Drug Shops & Pharmacies: A first stop for family planning and health services, but what do we know about the clients they serve?","https://marketbookshelf.com/publications/drug-shops-pharmacies-first-stop-family-planning-health-services-know-clients-serve/"
"Stronger markets, increased access to essential maternal health supplies: Policy recommendations for Ethiopia","https://marketbookshelf.com/publications/stronger-markets-increased-access-essential-maternal-health-supplies-policy-recommendations-ethiopia/"
"A Total Market Approach for Condoms in Nigeria","https://marketbookshelf.com/publications/total-market-approach-condoms-nigeria/"
"Improving Hormonal Contraceptive Supply: The Potential Contributions of Manufacturers of Generic and Biosimilar Drugs","https://marketbookshelf.com/publications/improving-hormonal-contraceptive-supply-potential-contributions-manufacturers-generic-biosimilar-drugs/"
"Ghana Licensed Chemical Sellers Increase Provision of Zinc to Treat Childhood Diarrhea","https://marketbookshelf.com/publications/ghana-licensed-chemical-sellers-increase-provision-zinc-treat-childhood-diarrhea/"
"Technology and Market Landscape Hepatitis C Medicines &#8211; August 2017","https://marketbookshelf.com/publications/technology-market-landscape-hepatitis-c-medicines-august-2017/"
"Management of Medicines Benefit Programs in Low-Income Settings: Adapting Approaches from High-Income Settings","https://marketbookshelf.com/publications/management-medicines-benefit-programs-low-income-settings-adapting-approaches-high-income-settings/"
"Enabling broad access to best-in-class HIV treatment &#8211; Best practice for originators","https://marketbookshelf.com/publications/enabling-broad-access-best-class-hiv-treatment-best-practice-originators/"
"HIV New Product Introduction Guide: A Framework for Supporting New Product Introduction in National Health Systems","https://marketbookshelf.com/publications/hiv-new-product-introduction-guide-framework-supporting-new-product-introduction-national-health-systems/"
"Transform/PHARE: Cote d&#8217;Ivoire Family Planning Demand Analysis","https://marketbookshelf.com/publications/transform-phare-cote-divoire-family-planning-demand-analysis/"
"Helping postpartum women in Mali achieve their fertility intentions: Perspectives from the dedicated PPIUD pilot program","https://marketbookshelf.com/publications/helping-postpartum-women-mali-achieve-fertility-intentions-perspectives-dedicated-ppiud-pilot-program/"
"Policy advocacy lessons learned: Drug shops&#8217; provision of injectable contraception in Uganda","https://marketbookshelf.com/publications/policy-advocacy-lessons-learned-drug-shops-provision-injectable-contraception-uganda/"
"Provision of Injectable Contraceptives within Drug Shops: A Promising Approach for Increasing Access and Method Choice","https://marketbookshelf.com/publications/provision-injectable-contraceptives-within-drug-shops-promising-approach-increasing-access-method-choice/"
"Affordability of adult HIV/AIDS treatment in developing countries: modeling price determinants for a better insight of the market functioning","https://marketbookshelf.com/publications/affordability-adult-hiv-aids-treatment-developing-countries-modeling-price-determinants-better-insight-market-functioning/"
"The Collapse of the Price of Oil and the Importance of Fair Market Competition and Optimizing Public and Private Resources: Assessing Angola&#8217;s Contraceptive Market Landscape","https://marketbookshelf.com/publications/collapse-price-oil-importance-fair-market-competition-optimizing-public-private-resources-assessing-angolas-contraceptive-market-landscape/"
"Expanding Effective Contraceptive Options in Zambia and Malawi: Understanding the Consumer","https://marketbookshelf.com/publications/expanding-effective-contraceptive-options-zambia-malawi-understanding-consumer/"
"Guidance for Condom Market Landscaping Tool Kit","https://marketbookshelf.com/publications/guidance-condom-market-landscaping-tool-kit/"
"Condom Market Landscaping Tool #1: Comprehensive Indicators","https://marketbookshelf.com/publications/condom-market-landscaping-tool-1-comprehensive-indicators/"
"Condom Market Landscaping Tool #2: Key Informant Interview (KII) Guide","https://marketbookshelf.com/publications/condom-market-landscaping-tool-2-key-informant-interview-kii-guide/"
"Condom Market Landscaping Tool #3: Condom Market Landscape Guidance","https://marketbookshelf.com/publications/condom-market-landscaping-tool-3-condom-market-landscape-guidance/"
"Condom Market Landscaping Tool #4: Value Chain Analysis","https://marketbookshelf.com/publications/condom-market-landscaping-tool-4-value-chain-analysis/"
"Condom Market Landscaping Tool #5: Data Analysis and Charts","https://marketbookshelf.com/publications/condom-market-landscaping-tool-5-data-analysis-charts/"
"Condom Market Landscaping Tool #6: UNAIDS Condom Needs Assessment Tool","https://marketbookshelf.com/publications/condom-market-landscaping-tool-6-unaids-condom-needs-assessment-tool/"
"Integrating Family Planning into Universal Health Coverage Efforts","https://marketbookshelf.com/publications/integrating-family-planning-universal-health-coverage-efforts/"
"Network Strengthening Program Case Study Report","https://marketbookshelf.com/publications/network-strengthening-program-case-study-report/"
"Network Strengthening Program (NSP) Final Report","https://marketbookshelf.com/publications/network-strengthening-program-nsp-final-report/"
"Strengthening Voluntary Network Management: The Network Strengthening Program","https://marketbookshelf.com/publications/strengthening-voluntary-network-management-the-network-strengthening-program/"
"Defining and Measuring Pharmaceutical Systems Strengthening: Report of the SIAPS Partners&#8217; Consultative Meeting","https://marketbookshelf.com/publications/defining-and-measuring-pharmaceutical-systems-strengthening-report-of-the-siaps-partners-consultative-meeting/"
"Defining pharmaceutical systems strengthening: concepts to enable measurement","https://marketbookshelf.com/publications/defining-pharmaceutical-systems-strengthening-concepts-to-enable-measurement/"
"Cameroon PPFP Endline Study Report: The Added Value of Combining a Leadership Development Program with Clinical Training on Postpartum Family Planning Service Delivery","https://marketbookshelf.com/publications/cameroon-ppfp-endline-study-report-the-added-value-of-combining-a-leadership-development-program-with-clinical-training-on-postpartum-family-planning-service-delivery/"
"Strengthening Governance in Pharmaceutical Systems: A Compendium of Country Case Studies","https://marketbookshelf.com/publications/strengthening-governance-in-pharmaceutical-systems-a-compendium-of-country-case-studies/"
"mHealth Compendium Special Edition 2016: Reaching Scale","https://marketbookshelf.com/publications/mhealth-compendium-special-edition-2016-reaching-scale/"
"mHealth Compendium: Edition One","https://marketbookshelf.com/publications/mhealth-compendium-edition-one/"
"mHealth Compendium: Volume 5","https://marketbookshelf.com/publications/mhealth-compendium-volume-5/"
"mHealth Compendium: Volume Three","https://marketbookshelf.com/publications/mhealth-compendium-volume-three/"
"mHealth Compendium: Volume Two","https://marketbookshelf.com/publications/mhealth-compendium-volume-two/"
"mHealth Compendium: Volume Four","https://marketbookshelf.com/publications/mhealth-compendium-volume-four/"
"Transforming the Delivery of Pharmaceutical Services in Ethiopia: The Auditable Pharmaceuticals Transactions and Services Approach","https://marketbookshelf.com/publications/transforming-the-delivery-of-pharmaceutical-services-in-ethiopia-the-auditable-pharmaceuticals-transactions-and-services-approach/"
"Saving Lives of Women and Children: Pharmaceutical Systems Strengthening Approaches to Improve Access to Contraceptives in Bangladesh","https://marketbookshelf.com/publications/saving-lives-of-women-and-children-pharmaceutical-systems-strengthening-approaches-to-improve-access-to-contraceptives-in-bangladesh/"
"Complementing Public-Sector Medicine Supply Through a Public-Private Partnership in Tanzania: Jazia &#8211; A Prime Vendor System for Dodoma Region Public Health Facilities","https://marketbookshelf.com/publications/complementing-public-sector-medicine-supply-through-a-public-private-partnership-in-tanzania-jazia-a-prime-vendor-system-for-dodoma-region-public-health-facilities/"
"Stewarding Resources for Health Systems Strengthening: Series of Guides for Enhanced Governance of the Health Sector and Health Institutions in Low- and Middle-Income Countries","https://marketbookshelf.com/publications/stewarding-resources-for-health-systems-strengthening-series-of-guides-for-enhanced-governance-of-the-health-sector-and-health-institutions-in-low-and-middle-income-countries/"
"Assessing the Total Market for Female Condoms in Malawi and Zambia","https://marketbookshelf.com/publications/assessing-the-total-market-for-female-condoms-in-malawi-and-zambia/"
"A new approach to gathering pharmaceutical market data to support policy implementation and access to medicines: as demonstrated by malaria medicines in Zambia","https://marketbookshelf.com/publications/a-new-approach-to-gathering-pharmaceutical-market-data-to-support-policy-implementation-and-access-to-medicines-as-demonstrated-by-malaria-medicines-in-zambia/"
"Family Planning Market Report &#8211; December 2018","https://marketbookshelf.com/publications/family-planning-market-report-december-2018/"
"Lessons Learned from the Woman&#8217;s Condom Introduction in Zambia and Malawi","https://marketbookshelf.com/publications/lessons-learned-from-the-womans-condom-introduction-in-zambia-and-malawi/"
"Expanding Effective Contraceptive Options in Malawi to Include the Women&#8217;s Condom: Understanding the Provider","https://marketbookshelf.com/publications/expanding-effective-contraceptive-options-in-malawi-to-include-the-womens-condom-understanding-the-provider/"
"Learning about Expanded Access and Potential of the Levonorgestrel Intrauterine System (LEAP LNG-IUS): Regulatory Assessment","https://marketbookshelf.com/publications/learning-about-expanded-access-and-potential-of-the-levonorgestrel-intrauterine-system-leap-lng-ius-regulatory-assessment/"
"Learning about Expanded Access and Potential of the Levonorgestrel Intrauterine System (LEAP LNG-IUS): Regulatory Matrix","https://marketbookshelf.com/publications/learning-about-expanded-access-and-potential-of-the-levonorgestrel-intrauterine-system-leap-lng-ius-regulatory-matrix/"
"Introducing New Contraceptive Options: Product Registration Basics for Global Health Program Managers","https://marketbookshelf.com/publications/introducing-new-contraceptive-options-product-registration-basics-for-global-health-program-managers/"
"Expanding Effective Contraceptive Options: Lessons Learned from the Introduction of the Levonorgestrel Intrauterine System (LNG-IUS) in Zambia and Madagascar","https://marketbookshelf.com/publications/expanding-effective-contraceptive-options-lessons-learned-from-the-introduction-of-the-levonorgestrel-intrauterine-system-lng-ius-in-zambia-and-madagascar/"
"Engaging Nigeria&#8217;s Private Health Sector For a Stronger HIV Response","https://marketbookshelf.com/publications/engaging-nigerias-private-health-sector-for-a-stronger-hiv-response/"
"Conférence Internationale sur la Planification Familiale 2018 :Approches innovatrices pour offrir des services de planification familiale aux Réfugiés et populations Déplacées dans la région humanitaire du Lac au Tchad","https://marketbookshelf.com/publications/conference-internationale-sur-la-planification-familiale-2018-approches-innovatrices-pour-offrir-des-services-de-planification-familiale-aux-refugies-et-populations-deplacees-dans-la-region-humanitai/"
"Can self-administration of DMPA-SC improve injectable continuation? Results from a nonrandomized cohort study in Uganda","https://marketbookshelf.com/publications/can-self-administration-of-dmpa-sc-improve-injectable-continuation-results-from-a-nonrandomized-cohort-study-in-uganda/"
"Le DMPA en auto-injection au Sénégal: Résultats de l’étude prospective sur la continuation de l’injectable","https://marketbookshelf.com/publications/le-dmpa-en-auto-injection-au-senegal-resultats-de-letude-prospective-sur-la-continuation-de-linjectable/"
"Le DMPA-SC en auto-injection au Sénégal: Résultats de l’étude prospective sur la continuation de l’injectable","https://marketbookshelf.com/publications/le-dmpa-sc-en-auto-injection-au-senegal-resultats-de-letude-prospective-sur-la-continuation-de-linjectable/"
"Understanding adolescent and provider perspectives and practices related to self-administration of injectable contraception in Uganda","https://marketbookshelf.com/publications/understanding-adolescent-and-provider-perspectives-and-practices-related-to-self-administration-of-injectable-contraception-in-uganda/"
"How can we accelerate women’s access to beneficial innovations, and keep learning? The ongoing story of subcutaneous DMPA and self-injection","https://marketbookshelf.com/publications/how-can-we-accelerate-womens-access-to-beneficial-innovations-and-keep-learning-the-ongoing-story-of-subcutaneous-dmpa-and-self-injection/"
"Côte d’Ivoire Family Planning Private Health Sector Assessment","https://marketbookshelf.com/publications/cote-divoire-family-planning-private-health-sector-assessment/"
"A novel user-centered design approach that saves implementers’ time and effort: Lessons from the Uganda contraceptive self-injection best practices program","https://marketbookshelf.com/publications/a-novel-user-centered-design-approach-that-saves-implementers-time-and-effort-lessons-from-the-uganda-contraceptive-self-injection-best-practices-program/"
"Poster: Continuation of injectable contraceptives DMPA-SC and DMPA-IM when administered by community health workers in Uganda","https://marketbookshelf.com/publications/continuation-of-injectable-contraceptives-dmpa-sc-and-dmpa-im-when-administered-by-community-health-workers-in-uganda/"
"Making contraceptive self-injection a self-care reality: Experience from multiple countries","https://marketbookshelf.com/publications/making-contraceptive-self-injection-a-self-care-reality-experience-from-multiple-countries/"
"Presentation: Continuation of injectable contraceptives DMPA-SC and DMPA-IM when administered by community health workers in Uganda","https://marketbookshelf.com/publications/presentation-continuation-of-injectable-contraceptives-dmpa-sc-and-dmpa-im-when-administered-by-community-health-workers-in-uganda/"
"Landscape Assessment: Leveraging the role of national distributors to increase access to MA combi-packs in Africa","https://marketbookshelf.com/publications/landscape-assessment-leveraging-the-role-of-national-distributors-to-increase-access-to-ma-combi-packs-in-africa/"
"Maternal Health Drug Business Assessments: Excel Tool and User&#8217;s Guide","https://marketbookshelf.com/publications/maternal-health-drug-business-assessments-excel-tool-and-users-guide/"
"Accelovate Maternal Health Drug Business Assessments: User Guide","https://marketbookshelf.com/publications/accelovate-maternal-health-drug-business-assessments-user-guide-2/"
"Hepatitis C Diagnostics Technology Landscape","https://marketbookshelf.com/publications/hepatitis-c-diagnostics-technology-landscape/"
"Cervical Cancer Technology Landscape","https://marketbookshelf.com/publications/cervical-cancer-technology-landscape/"
"Disease Narrative for HIV and Areas for Intervention","https://marketbookshelf.com/publications/disease-narrative-for-hiv-and-areas-for-intervention/"
"End of Project Evaluation of the CHAI Paediatric HIV/AIDS and Innovation in Paediatric Market Access (IPMA) Projects","https://marketbookshelf.com/publications/end-of-project-evaluation-of-the-chai-paediatric-hiv-aids-and-innovation-in-paediatric-market-access-ipma-projects/"
"End of Project Evaluation of the Market Entry Grant to the Diagnostics for the Real Workd on SAMBA Titled: &#8220;Providing Access to Early Infant Diagnosis and Viral Load Monitoring by SAMBA &#8211; a Point-of-Care Nucleic Acid Detection System&#8221;","https://marketbookshelf.com/publications/end-of-project-evaluation-of-the-market-entry-grant-to-the-diagnostics-for-the-real-workd-on-samba-titled-providing-access-to-early-infant-diagnosis-and-viral-load-monitoring-by-samba-a-point-of/"
"A Brief Guide to the Method Choice Framework","https://marketbookshelf.com/publications/a-brief-guide-to-the-method-choice-framework/"
"2017 Contraceptive Security Indicators Report","https://marketbookshelf.com/publications/2017-contraceptive-security-indicators-report/"
"A Roadmap for Optimizing Private Sector Malaria Rapid Diagnostic Testing","https://marketbookshelf.com/publications/a-roadmap-for-optimizing-private-sector-malaria-rapid-diagnostic-testing/"
"Expanding Access to Menstrual Hygiene Products for Adolescent Girls and Young Women in Ethiopia: A Market Development Approach","https://marketbookshelf.com/publications/expanding-access-to-menstrual-hygiene-products-for-adolescent-girls-and-young-women-in-ethiopia-a-market-development-approach/"
"Increasing Access to Menstrual Hygiene Management Products in Ethiopia","https://marketbookshelf.com/publications/increasing-access-to-menstrual-hygiene-management-products-in-ethiopia/"
"Increasing Access to Menstrual Hygiene Management Products","https://marketbookshelf.com/publications/increasing-access-to-menstrual-hygiene-management-products/"
"Mapping the FP Consumer Journey for Youth in Nepal","https://marketbookshelf.com/publications/mapping-the-fp-consumer-journey-for-youth-in-nepal/"
"Implementing a Retail Panel to Understand Markets","https://marketbookshelf.com/publications/implementing-a-retail-panel-to-understand-markets/"
"FPwatch: Facility-based Survey Data for Family PlanningMarket Analysis in Five FP2020-focus Countries","https://marketbookshelf.com/publications/fpwatch-facility-based-survey-data-for-family-planningmarket-analysis-in-five-fp2020-focus-countries/"
"Scaling up community-based access to DMPA-SC in Madagascar","https://marketbookshelf.com/publications/scaling-up-community-based-access-to-dmpa-sc-in-madagascar/"
"Getting to FP2020 &#8211; Harnessing the Role of the Private Sector to Increase Modern Contraceptive Access and Choice in Ethiopia, Nigeria, and DRC","https://marketbookshelf.com/publications/getting-to-fp2020-harnessing-the-role-of-the-private-sector-to-increase-modern-contraceptive-access-and-choice-in-ethiopia-nigeria-and-drc/"
"Transforming the market for quality-assured ACT (QAACT) in Kinshasa: results from a representative outlet survey in support of large-scale market development activities","https://marketbookshelf.com/publications/transforming-the-market-for-quality-assured-act-qaact-in-kinshasa-results-from-a-representative-outlet-survey-in-support-of-large-scale-market-development-activities/"
"Sources of Family Planning: Malawi","https://marketbookshelf.com/publications/sources-of-family-planning-malawi/"
"Sources of Family Planning: Uganda","https://marketbookshelf.com/publications/sources-of-family-planning-uganda/"
"Sources of Family Planning: Tanzania","https://marketbookshelf.com/publications/sources-of-family-planning-tanzania/"
"Sources of Family Planning: Kenya","https://marketbookshelf.com/publications/sources-of-family-planning-kenya/"
"Stewarding the Private Sector for Family Planning","https://marketbookshelf.com/publications/stewarding-the-private-sector-for-family-planning/"
"Sources of Family Planning: Bangladesh","https://marketbookshelf.com/publications/sources-of-family-planning-bangladesh/"
"Sources of Family Planning: Ghana","https://marketbookshelf.com/publications/sources-of-family-planning-ghana/"
"Sources of Family Planning: Nigeria","https://marketbookshelf.com/publications/sources-of-family-planning-nigeria/"
"Sources of Family Planning: Rwanda","https://marketbookshelf.com/publications/sources-of-family-planning-rwanda/"
"Sources of Family Planning: India","https://marketbookshelf.com/publications/sources-of-family-planning-india/"
"Sources of Family Planning: Democratic Republic of the Congo","https://marketbookshelf.com/publications/sources-of-family-planning-democratic-republic-of-the-congo/"
"Sources of Family Planning: Philippines","https://marketbookshelf.com/publications/sources-of-family-planning-philippines/"
"Private Sector Contribution to Improving Health Outcomes in Fragile States: The Case of the Afghan Social Marketing Organization","https://marketbookshelf.com/publications/private-sector-contribution-to-improving-health-outcomes-in-fragile-states-the-case-of-the-afghan-social-marketing-organization/"
"Democratic Republic of the Congo Private Health Sector Assessment","https://marketbookshelf.com/publications/democratic-republic-of-the-congo-private-health-sector-assessment/"
"Sources of Family Planning: Togo","https://marketbookshelf.com/publications/sources-of-family-planning-togo/"
"Sources of Family Planning: Zambia","https://marketbookshelf.com/publications/sources-of-family-planning-zambia/"
"Sources of Family Planning: Afghanistan","https://marketbookshelf.com/publications/sources-of-family-planning-afghanistan/"
"Opportunities to Improve FP Programming in Afghanistan","https://marketbookshelf.com/publications/opportunities-to-improve-fp-programming-in-afghanistan/"
"Sources of Family Planning: Ethiopia","https://marketbookshelf.com/publications/sources-of-family-planning-ethiopia/"
"Haiti Market Segmentation Analysis: Family Planning, Diarrhea, and Home Water Treatment","https://marketbookshelf.com/publications/haiti-market-segmentation-analysis-family-planning-diarrhea-and-home-water-treatment/"
"Engaging the private sector in health system resilience efforts","https://marketbookshelf.com/publications/engaging-the-private-sector-in-health-system-resilience-efforts/"
"Expanding effective contraceptive options: Introducing the Caya Diaphragm in Niger","https://marketbookshelf.com/publications/expanding-effective-contraceptive-options-introducing-the-caya-diaphragm-in-niger/"
"2019 Contraceptive Security Indicators","https://marketbookshelf.com/publications/2019-contraceptive-security-indicators/"
"Family Planning Market Report","https://marketbookshelf.com/publications/family-planning-market-report/"
"Lessons Learned: Leveraging the role of national distributors to accelerate access to medical abortion combi-packs in sub-Saharan Africa","https://marketbookshelf.com/publications/lessons-learned-leveraging-the-role-of-national-distributors-to-accelerate-access-to-medical-abortion-combi-packs-in-sub-saharan-africa/"
"Achieving Injectable Contraceptive Task-Sharing Policy Change in Rwanda","https://marketbookshelf.com/publications/achieving-injectable-contraceptive-task-sharing-policy-change-in-rwanda/"
"Building Resilient Sexual and Reproductive Health Supply Chains during COVID-19 and Beyond","https://marketbookshelf.com/publications/building-resilient-sexual-and-reproductive-health-supply-chains-during-covid-19-and-beyond/"
"Public-Private Partnerships for Family Planning Commodities","https://marketbookshelf.com/publications/public-private-partnerships-for-family-planning-commodities/"
"Private Sector Engagement in National Health Management Information Systems: Barriers, Strategies, and Global Case Studies","https://marketbookshelf.com/publications/private-sector-engagement-in-national-health-management-information-systems-barriers-strategies-and-global-case-studies/"
"Nigeria: the Private Sector&#8217;s Contributions to Family Planning Market Growth","https://marketbookshelf.com/publications/nigeria-the-private-sectors-contributions-to-family-planning-market-growth/"
"Cambodia: the Private Sector&#8217;s Contributions to Family Planning Market Growth","https://marketbookshelf.com/publications/cambodia-the-private-sectors-contributions-to-family-planning-market-growth/"
"Kenya: the Private Sector&#8217;s Contributions to Family Planning Market Growth","https://marketbookshelf.com/publications/kenya-the-private-sectors-contributions-to-family-planning-market-growth/"
"Bangladesh: the Private Sector&#8217;s Contributions to Family Planning Market Growth","https://marketbookshelf.com/publications/bangladesh-the-private-sectors-contributions-to-family-planning-market-growth/"
"Factors Influencing the Private Sector&#8217;s Contributions to Family Planning Market Growth: a Synthesis of Six Country Analyses","https://marketbookshelf.com/publications/factors-influencing-the-private-sectors-contributions-to-family-planning-market-growth-a-synthesis-of-six-country-analyses/"
"Sources for Family Planning in 36 Countries: Where Women Go and Why It Matters","https://marketbookshelf.com/publications/sources-for-family-planning-in-36-countries-where-women-go-and-why-it-matters/"
"Improving Access to Implants through the Private Sector","https://marketbookshelf.com/publications/improving-access-to-implants-through-the-private-sector/"
"Investing in Women’s Health through Agricultural Supply Chains: Lessons from a Multi-Stakeholder Partnership led by Twinings Tea and USAID","https://marketbookshelf.com/publications/investing-in-womens-health-through-agricultural-supply-chains-lessons-from-a-multi-stakeholder-partnership-led-by-twinings-tea-and-usaid/"
"Sustaining Health Outcomes through the Private Sector Plus Project: Final Report 2015-2022","https://marketbookshelf.com/publications/sustaining-health-outcomes-through-the-private-sector-plus-project-final-report-2015-2022/"
"Unlocking Finance for the Private Health Sector","https://marketbookshelf.com/publications/unlocking-finance-for-the-private-health-sector/"
"Amplify the Next Mile of Impact Investing for INGOs","https://marketbookshelf.com/publications/amplify-the-next-mile-of-impact-investing-for-ingos/"
"Avibela Harmonized Labeling Initiative","https://marketbookshelf.com/publications/avibela-harmonized-labeling-initiative/"
"Landscaping Supply Side Factors to Menstrual Health Access","https://marketbookshelf.com/publications/landscaping-supply-side-factors-to-menstrual-health-access/"
"Making Sustainable Markets Work for Low-Income People","https://marketbookshelf.com/publications/making-sustainable-markets-work-for-low-income-people/"
"Blended Finance for Health Supply Chains","https://marketbookshelf.com/publications/blended-finance-for-health-supply-chains/"
"Private Sector Engagement to Advance and Sustain Health Supply Chain Resiliency","https://marketbookshelf.com/publications/private-sector-engagement-to-advance-and-sustain-health-supply-chain-resiliency/"
"2021 Contraceptive Social Marketing Statistics","https://marketbookshelf.com/publications/2021-contraceptive-social-marketing-statistics/"
"Use of retail pharmacies as a source of essential medicines, including family planning products","https://marketbookshelf.com/publications/use-of-retail-pharmacies-as-a-source-of-essential-medicines-including-family-planning-products/"
"Innovations in health product distribution in sub-Saharan Africa 2021","https://marketbookshelf.com/publications/innovations-in-health-product-distribution-in-sub-saharan-africa-2021/"
"2021 Contraceptive Security Indicators Survey","https://marketbookshelf.com/publications/2021-contraceptive-security-indicators-survey/"
"Contraceptive Innovation Index","https://marketbookshelf.com/publications/contraceptive-innovation-index/"
"Family Planning Market Report &#8211; December 2022","https://marketbookshelf.com/publications/family-planning-market-report-december-2022/"
"Donor Government Funding for Family Planning in 2021","https://marketbookshelf.com/publications/donor-government-funding-for-family-planning-in-2021/"
"2022 FP2030 Measurement Report Brief","https://marketbookshelf.com/publications/2022-fp2030-measurement-report-brief/"
"Contraceptive Commodity Funding During the COVID-19 Pandemic","https://marketbookshelf.com/publications/contraceptive-commodity-funding-during-the-covid-19-pandemic/"
"Contraceptive Commodity Funding During the COVID-19 Pandemic: Summary Presentation","https://marketbookshelf.com/publications/contraceptive-commodity-funding-during-the-covid-19-pandemic-summary-presentation/"
"Leveraging chatbots to understand the effect of the COVID-19 pandemic on family planning demand","https://marketbookshelf.com/publications/leveraging-chatbots-to-understand-the-effect-of-the-covid-19-pandemic-on-family-planning-demand/"
"Implementing a total market approach for family planning products: lessons from Tanzania","https://marketbookshelf.com/publications/implementing-a-total-market-approach-for-family-planning-products-lessons-from-tanzania/"
"Unifying the voice of India&#8217;s private condom market players","https://marketbookshelf.com/publications/unifying-the-voice-of-indias-private-condom-market-players/"
"Generic medicine manufacturers research programme 2023: analytical framework","https://marketbookshelf.com/publications/generic-medicine-manufacturers-research-programme-2023-analytical-framework/"
